"Month","DOY","MeanAOT_440","MeanAOT_500","MeanAOT_675","MeanAOT_440_10days","MeanAOT_500_10days","MeanAOT_675_10days","MeanAOT_440_month","MeanAOT_500_month","MeanAOT_675_month","Dayof2019"
1,1,0.957206,0.8547645,0.632158,1.0630445,0.944805472222222,0.693418972222222,0.97151211827957,0.85751626344086,0.613867338709677,2025-01-01
1,2,0.982437333333333,0.880024,0.657972333333333,1.059469,0.940806452380952,0.688588023809524,0.97151211827957,0.85751626344086,0.613867338709677,2025-01-02
1,3,0.992526,0.893652,0.6701815,1.06505679166667,0.9444198125,0.688155854166667,0.97151211827957,0.85751626344086,0.613867338709677,2025-01-03
1,4,1.144878,1.02153233333333,0.765915666666667,1.0715657037037,0.949318018518518,0.689120314814815,0.97151211827957,0.85751626344086,0.613867338709677,2025-01-04
1,5,1.09233766666667,0.964703666666667,0.686776,1.07602583333333,0.954725416666667,0.696774783333333,0.97151211827957,0.85751626344086,0.613867338709677,2025-01-05
1,6,1.208882,1.05415633333333,0.747510333333333,1.0745883,0.9521685,0.692821283333333,0.97151211827957,0.85751626344086,0.613867338709677,2025-01-06
1,7,1.038016,0.916812333333333,0.659602333333333,1.06817471666667,0.94464725,0.68330955,0.97151211827957,0.85751626344086,0.613867338709677,2025-01-07
1,8,1.10417133333333,0.969713333333333,0.685130666666667,1.07380105,0.947055116666667,0.680179366666667,0.97151211827957,0.85751626344086,0.613867338709677,2025-01-08
1,9,1.123637,0.988503666666667,0.696836,1.04936565,0.923298933333333,0.65733435,0.97151211827957,0.85751626344086,0.613867338709677,2025-01-09
1,10,1.116167,1.003392,0.765665,1.03272243333333,0.908454216666667,0.64666165,0.97151211827957,0.85751626344086,0.613867338709677,2025-01-10
1,11,0.942830666666667,0.829195333333333,0.592623,1.01635333333333,0.895993383333333,0.639005066666667,0.97151211827957,0.85751626344086,0.613867338709677,2025-01-11
1,12,0.9183015,0.8048115,0.562855,0.999889833333333,0.88085935,0.626438133333333,0.97151211827957,0.85751626344086,0.613867338709677,2025-01-12
1,13,1.04878933333333,0.917730666666667,0.638879666666667,0.992793266666667,0.874322016666667,0.6210934,0.97151211827957,0.85751626344086,0.613867338709677,2025-01-13
1,14,0.900524,0.7839705,0.5374655,0.975095016666667,0.8584978,0.60938275,0.97151211827957,0.85751626344086,0.613867338709677,2025-01-14
1,15,0.9259055,0.8162565,0.580049,0.96254535,0.845051766666667,0.593806983333333,0.97151211827957,0.85751626344086,0.613867338709677,2025-01-15
1,16,1.045191,0.929548,0.6709445,0.977033083333333,0.855950933333333,0.597830333333333,0.97151211827957,0.85751626344086,0.613867338709677,2025-01-16
1,17,0.873381,0.765472,0.533933,0.978888466666667,0.857883916666667,0.599092566666667,0.97151211827957,0.85751626344086,0.613867338709677,2025-01-17
1,18,1.03320566666667,0.90434,0.631683333333333,0.976993283333333,0.85618095,0.5968629,0.97151211827957,0.85751626344086,0.613867338709677,2025-01-18
1,19,0.9466545,0.8302615,0.5797295,0.974111116666667,0.854155033333333,0.595954016666667,0.97151211827957,0.85751626344086,0.613867338709677,2025-01-19
1,20,0.990670333333333,0.868931666666667,0.609907333333333,0.966807666666667,0.84712155,0.589394616666667,0.97151211827957,0.85751626344086,0.613867338709677,2025-01-20
1,21,1.087708,0.938187,0.6328565,0.921476766666667,0.806303216666667,0.558727033333333,0.97151211827957,0.85751626344086,0.613867338709677,2025-01-21
1,22,0.936855333333333,0.824141333333333,0.575477333333333,0.910086266666667,0.79701215,0.553938766666667,0.97151211827957,0.85751626344086,0.613867338709677,2025-01-22
1,23,1.0298375,0.900701,0.616583,0.9178862,0.80668195,0.567468033333333,0.97151211827957,0.85751626344086,0.613867338709677,2025-01-23
1,24,0.871702333333333,0.763711333333333,0.528376666666667,0.904597716666667,0.7965017,0.563754416666667,0.97151211827957,0.85751626344086,0.613867338709677,2025-01-24
1,25,0.852871,0.745921666666667,0.514455,0.887188783333333,0.782124233333333,0.555901083333333,0.97151211827957,0.85751626344086,0.613867338709677,2025-01-25
1,26,0.591882,0.521364666666667,0.364268666666667,0.864345583333333,0.764704533333333,0.549121333333333,0.97151211827957,0.85751626344086,0.613867338709677,2025-01-26
1,27,0.759476,0.672561333333333,0.486050333333333,0.9158869,0.81042555,0.5846676,0.97151211827957,0.85751626344086,0.613867338709677,2025-01-27
1,28,1.111205,1.001038,0.766976,0.95134635,0.84373205,0.614627233333333,0.97151211827957,0.85751626344086,0.613867338709677,2025-01-28
1,29,0.813769666666667,0.728459,0.542593333333333,0.975486983333333,0.864217616666667,0.629468333333333,0.97151211827957,0.85751626344086,0.613867338709677,2025-01-29
1,30,0.816581,0.725157,0.531374,0.991119183333333,0.877348183333333,0.638831333333333,0.97151211827957,0.85751626344086,0.613867338709677,2025-01-30
1,31,0.859276,0.76399,0.565059,1.01248198333333,0.896573716666667,0.653173966666667,0.97151211827957,0.85751626344086,0.613867338709677,2025-01-31
2,32,1.4522685,1.2813515,0.93094,1.10236728333333,0.977876683333333,0.718295933333333,1.12954444230769,1.00308616666667,0.742182769230769,2025-02-01
2,33,1.384432,1.233766,0.916179333333333,1.10733095,0.97882665,0.712346233333333,1.12954444230769,1.00308616666667,0.742182769230769,2025-02-02
2,34,1.11310866666667,0.968567,0.676787666666667,1.11695215,0.985893283333333,0.7147907,1.12954444230769,1.00308616666667,0.742182769230769,2025-02-03
2,35,1.009193,0.877227333333333,0.608085,1.15032672222222,1.01486398148148,0.735170333333333,1.12954444230769,1.00308616666667,0.742182769230769,2025-02-04
2,36,0.80551,0.71362,0.507695,1.18931316666667,1.0504362037037,0.764312666666667,1.12954444230769,1.00308616666667,0.742182769230769,2025-02-05
2,37,1.658329,1.485591,1.13727,1.18715011111111,1.05390825925926,0.777520777777778,1.12954444230769,1.00308616666667,0.742182769230769,2025-02-06
2,38,1.16084166666667,1.01053766666667,0.707479,1.16015522222222,1.02970242592593,0.75998962962963,1.12954444230769,1.00308616666667,0.742182769230769,2025-02-07
2,39,0.909981666666667,0.799125333333333,0.567038,1.1507027037037,1.02441675925926,0.762049666666667,1.12954444230769,1.00308616666667,0.742182769230769,2025-02-08
2,40,NA,NA,NA,1.23353681481481,1.09819016666667,0.817762444444444,1.12954444230769,1.00308616666667,0.742182769230769,2025-02-09
2,41,1.210154,1.08414,0.82734,1.25890903703704,1.120323,0.835625166666667,1.12954444230769,1.00308616666667,0.742182769230769,2025-02-10
2,42,1.432801,1.3126,1.049813,1.19026031481481,1.05741833333333,0.783410777777778,1.12954444230769,1.00308616666667,0.742182769230769,2025-02-11
2,43,1.141478,1.0159135,0.758399,1.19664490740741,1.06463881481481,0.789307,1.12954444230769,1.00308616666667,0.742182769230769,2025-02-12
2,44,1.028036,0.920996,0.695328,1.24607105555556,1.10820233333333,0.820478333333333,1.12954444230769,1.00308616666667,0.742182769230769,2025-02-13
2,45,1.7547,1.541188,1.1095,1.22053085,1.0840719,0.8005657,1.12954444230769,1.00308616666667,0.742182769230769,2025-02-14
2,46,1.03386,0.9128155,0.6684595,1.2109387,1.07398305,0.789578,1.12954444230769,1.00308616666667,0.742182769230769,2025-02-15
2,47,1.0404905,0.919449,0.6673405,1.16542325,1.02954015,0.74911645,1.12954444230769,1.00308616666667,0.742182769230769,2025-02-16
2,48,1.218303,1.075522,0.760545,1.14616255,1.01194295,0.7349507,1.12954444230769,1.00308616666667,0.742182769230769,2025-02-17
2,49,1.354817,1.191197,0.84758,1.13041355,0.9970932,0.722351,1.12954444230769,1.00308616666667,0.742182769230769,2025-02-18
2,50,0.990669,0.866898,0.621352,1.01171975,0.8962467,0.6575523,1.12954444230769,1.00308616666667,0.742182769230769,2025-02-19
2,51,1.1142325,0.9832515,0.717463,1.01082955,0.89506745,0.65563325,1.12954444230769,1.00308616666667,0.742182769230769,2025-02-20
2,52,0.9776465,0.868171,0.6451975,1.00714935,0.89427175,0.6609229,1.12954444230769,1.00308616666667,0.742182769230769,2025-02-21
2,53,0.948871,0.8399415,0.6167415,0.983687833333333,0.874132833333333,0.649853777777778,1.12954444230769,1.00308616666667,0.742182769230769,2025-02-22
2,54,0.870546,0.7724985,0.569331,0.962205722222222,0.859625944444444,0.651219222222222,1.12954444230769,1.00308616666667,0.742182769230769,2025-02-23
2,55,0.567762,0.532723,0.461513,0.9586478125,0.8587169375,0.654952625,1.12954444230769,1.00308616666667,0.742182769230769,2025-02-24
2,56,1.024958,0.901023,0.649269,0.96085975,0.8691339375,0.681856375,1.12954444230769,1.00308616666667,0.742182769230769,2025-02-25
2,57,1.0036885,0.911492,0.720237,0.9091608125,0.8210933125,0.6420549375,1.12954444230769,1.00308616666667,0.742182769230769,2025-02-26
2,58,NA,NA,NA,0.8643955,0.78041,0.6097948125,1.12954444230769,1.00308616666667,0.742182769230769,2025-02-27
2,59,1.161478,1.060635,0.859869,0.8255936875,0.74476,0.580261375,1.12954444230769,1.00308616666667,0.742182769230769,2025-02-28
2,60,NA,NA,NA,0.808476,0.7277096875,0.5626733125,1.12954444230769,1.00308616666667,0.742182769230769,2025-03-01
3,60,1.131928,1.0665875,0.932693,0.729103375,0.6579886875,0.5114199375,0.484844272727273,0.446809022727273,0.36243275,2025-03-01
3,61,0.564055,0.483846,0.326786,0.7038986875,0.6404961875,0.5092941875,0.484844272727273,0.446809022727273,0.36243275,2025-03-02
3,62,0.5907485,0.514475,0.3586605,0.6925315,0.632338388888889,0.507065722222222,0.484844272727273,0.446809022727273,0.36243275,2025-03-03
3,63,0.5601315,0.4872985,0.3330635,0.611885388888889,0.559057388888889,0.447545277777778,0.484844272727273,0.446809022727273,0.36243275,2025-03-04
3,64,0.4308205,0.3963205,0.3208085,0.59399545,0.54438595,0.43848335,0.484844272727273,0.446809022727273,0.36243275,2025-03-05
3,65,0.389977,0.343255,0.239242,0.52292415,0.4764245,0.37695165,0.484844272727273,0.446809022727273,0.36243275,2025-03-06
3,66,0.802051,0.771552,0.703231,0.518354055555556,0.475599888888889,0.382525611111111,0.484844272727273,0.446809022727273,0.36243275,2025-03-07
3,67,0.601594,0.567076,0.489238,0.492471,0.454132722222222,0.369539388888889,0.484844272727273,0.446809022727273,0.36243275,2025-03-08
3,68,0.435663,0.401106,0.324185,0.472367555555556,0.436912555555556,0.358331944444444,0.484844272727273,0.446809022727273,0.36243275,2025-03-09
3,69,0.432986,0.412343,0.356926,0.4775609375,0.4419865625,0.363022375,0.484844272727273,0.446809022727273,0.36243275,2025-03-10
3,70,0.421215,0.386973,0.317376,0.490072928571429,0.456091071428571,0.380705285714286,0.484844272727273,0.446809022727273,0.36243275,2025-03-11
3,71,NA,NA,NA,0.438076583333333,0.40351425,0.326951,0.484844272727273,0.446809022727273,0.36243275,2025-03-12
3,72,0.357801,0.3212705,0.2417845,0.440151416666667,0.407161666666667,0.333283083333333,0.484844272727273,0.446809022727273,0.36243275,2025-03-13
3,73,0.3792005,0.332317,0.2321965,0.4410491,0.4083728,0.3351027,0.484844272727273,0.446809022727273,0.36243275,2025-03-14
3,74,NA,NA,NA,0.4340539,0.4006085,0.3269375,0.484844272727273,0.446809022727273,0.36243275,2025-03-15
3,75,NA,NA,NA,0.4946769,0.4541131,0.3625025,0.484844272727273,0.446809022727273,0.36243275,2025-03-16
3,76,NA,NA,NA,0.4946769,0.4541131,0.3625025,0.484844272727273,0.446809022727273,0.36243275,2025-03-17
3,77,0.614043,0.5889605,0.5272305,0.5060955,0.4671509,0.3785144,0.484844272727273,0.446809022727273,0.36243275,2025-03-18
3,78,NA,NA,NA,0.5018326,0.4693087,0.3921937,0.484844272727273,0.446809022727273,0.36243275,2025-03-19
3,79,0.39801,0.3735215,0.3161,0.4788,0.44922925,0.378073083333333,0.484844272727273,0.446809022727273,0.36243275,2025-03-20
3,80,0.72433,0.654496,0.495201,0.4788,0.44922925,0.378073083333333,0.484844272727273,0.446809022727273,0.36243275,2025-03-21
3,81,NA,NA,NA,0.448833571428571,0.420887357142857,0.352815928571429,0.484844272727273,0.446809022727273,0.36243275,2025-03-22
3,82,0.414894,0.3864595,0.321844,0.406717428571429,0.379463714285714,0.313221642857143,0.484844272727273,0.446809022727273,0.36243275,2025-03-23
3,83,0.357886,0.343106,0.300593,0.406717428571429,0.379463714285714,0.313221642857143,0.484844272727273,0.446809022727273,0.36243275,2025-03-24
3,84,0.363637,0.348832,0.30747,0.408168666666667,0.380454083333333,0.312741916666667,0.484844272727273,0.446809022727273,0.36243275,2025-03-25
3,85,NA,NA,NA,0.305336666666667,0.28806675,0.243133083333333,0.484844272727273,0.446809022727273,0.36243275,2025-03-26
3,86,0.269035,0.250836,0.201273,0.305336666666667,0.28806675,0.243133083333333,0.484844272727273,0.446809022727273,0.36243275,2025-03-27
3,87,0.31923,0.298995,0.2500705,0.2834252,0.2683882,0.2273909,0.484844272727273,0.446809022727273,0.36243275,2025-03-28
3,88,NA,NA,NA,0.3918484,0.3775694,0.3358119,0.484844272727273,0.446809022727273,0.36243275,2025-03-29
3,89,NA,NA,NA,0.39890125,0.38475375,0.342897375,0.484844272727273,0.446809022727273,0.36243275,2025-03-30
3,90,0.107338,0.100172,0.077548,0.4627456,0.450405,0.4091875,0.484844272727273,0.446809022727273,0.36243275,2025-03-31
3,91,NA,NA,NA,0.5080126,0.4966316,0.4568178,0.484844272727273,0.446809022727273,0.36243275,2025-04-01
4,91,NA,NA,NA,0.5221494,0.5123822,0.4750218,0.299933130434783,0.284945811594203,0.242074847826087,2025-04-01
4,92,0.900002,0.889012,0.842698,0.4786115,0.46561,0.4234975,0.299933130434783,0.284945811594203,0.242074847826087,2025-04-02
4,93,NA,NA,NA,0.459137571428571,0.443877857142857,0.397753714285714,0.299933130434783,0.284945811594203,0.242074847826087,2025-04-03
4,94,0.718123,0.71301,0.674348,0.468452571428571,0.452944,0.405758857142857,0.299933130434783,0.284945811594203,0.242074847826087,2025-04-04
4,95,0.49537,0.481969,0.4394245,0.444363375,0.4286165625,0.3818381875,0.299933130434783,0.284945811594203,0.242074847826087,2025-04-05
4,96,0.389914,0.377748,0.3410905,0.418988166666667,0.402808777777778,0.355829,0.299933130434783,0.284945811594203,0.242074847826087,2025-04-06
4,97,0.260922,0.231749,0.165876,0.351205166666667,0.334548333333333,0.288266222222222,0.299933130434783,0.284945811594203,0.242074847826087,2025-04-07
4,98,0.342294,0.313485,0.243291,0.34254105,0.3251746,0.2783443,0.299933130434783,0.284945811594203,0.242074847826087,2025-04-08
4,99,0.172543,0.163635,0.133584,0.29863365,0.2794649,0.2306872,0.299933130434783,0.284945811594203,0.242074847826087,2025-04-09
4,100,0.275739,0.2583245,0.2143935,0.276774055555556,0.256964444444444,0.207494166666667,0.299933130434783,0.284945811594203,0.242074847826087,2025-04-10
4,101,0.2159865,0.1963465,0.1477555,0.251638611111111,0.231762222222222,0.182405,0.299933130434783,0.284945811594203,0.242074847826087,2025-04-11
4,102,0.289955,0.274668,0.234633,0.243333166666667,0.224467555555556,0.176593055555556,0.299933130434783,0.284945811594203,0.242074847826087,2025-04-12
4,103,0.264564,0.240811,0.189047,0.2309630625,0.213340375,0.1682558125,0.299933130434783,0.284945811594203,0.242074847826087,2025-04-13
4,104,0.279049,0.255913,0.197777,0.239308785714286,0.220441142857143,0.173208928571429,0.299933130434783,0.284945811594203,0.242074847826087,2025-04-14
4,105,NA,NA,NA,0.251536642857143,0.233753,0.188148928571429,0.299933130434783,0.284945811594203,0.242074847826087,2025-04-15
4,106,0.163695,0.150928,0.115288,0.257461666666667,0.239987416666667,0.194881166666667,0.299933130434783,0.284945811594203,0.242074847826087,2025-04-16
4,107,0.186173,0.166097,0.1135685,0.245301166666667,0.22892675,0.18524425,0.299933130434783,0.284945811594203,0.242074847826087,2025-04-17
4,108,NA,NA,NA,0.2414486,0.2265499,0.1844837,0.299933130434783,0.284945811594203,0.242074847826087,2025-04-18
4,109,NA,NA,NA,0.2471036,0.2351173,0.1987635,0.299933130434783,0.284945811594203,0.242074847826087,2025-04-19
4,110,0.361334,0.3515075,0.3189735,0.239690416666667,0.2281485,0.192536083333333,0.299933130434783,0.284945811594203,0.242074847826087,2025-04-20
4,111,NA,NA,NA,0.238731916666667,0.227885833333333,0.19316225,0.299933130434783,0.284945811594203,0.242074847826087,2025-04-21
4,112,0.216992,0.208304,0.1768115,0.238576083333333,0.229411833333333,0.197778833333333,0.299933130434783,0.284945811594203,0.242074847826087,2025-04-22
4,113,NA,NA,NA,0.225724642857143,0.215897142857143,0.182981,0.299933130434783,0.284945811594203,0.242074847826087,2025-04-23
4,114,0.307324,0.29875,0.269176,0.2216723125,0.210374458333333,0.17476275,0.299933130434783,0.284945811594203,0.242074847826087,2025-04-24
4,115,0.2026245,0.1933045,0.161399,0.201720642857143,0.190212595238095,0.154161214285714,0.299933130434783,0.284945811594203,0.242074847826087,2025-04-25
4,116,0.157944,0.149352,0.119045,0.1978498125,0.186068770833333,0.1494966875,0.299933130434783,0.284945811594203,0.242074847826087,2025-04-26
4,117,0.185238,0.175253,0.141268,0.195115214285714,0.18289230952381,0.145594571428571,0.299933130434783,0.284945811594203,0.242074847826087,2025-04-27
4,118,0.148616,0.134809,0.094194,0.2218036875,0.207056958333333,0.16499375,0.299933130434783,0.284945811594203,0.242074847826087,2025-04-28
4,119,0.193306,0.171715666666667,0.117235,0.2226331875,0.206422333333333,0.16131125,0.299933130434783,0.284945811594203,0.242074847826087,2025-04-29
4,120,NA,NA,NA,0.231595375,0.212203770833333,0.1608465,0.299933130434783,0.284945811594203,0.242074847826087,2025-04-30
4,121,0.170754,0.157062,0.116845,0.22706,0.207387645833333,0.155445375,0.299933130434783,0.284945811594203,0.242074847826087,2025-05-01
5,121,NA,NA,NA,0.2263785,0.206339520833333,0.15370625,0.527337514492754,0.460125724637681,0.308980579710145,2025-05-01
5,122,0.408623,0.3762095,0.300788,0.237487428571429,0.216558166666667,0.162208,0.527337514492754,0.460125724637681,0.308980579710145,2025-05-02
5,123,0.31396,0.293673,0.239716,0.244851,0.224031916666667,0.1697035,0.527337514492754,0.460125724637681,0.308980579710145,2025-05-03
5,124,0.274322,0.239556,0.157681,0.244851,0.224031916666667,0.1697035,0.527337514492754,0.460125724637681,0.308980579710145,2025-05-04
5,125,0.121661,0.110823,0.075836,0.230901833333333,0.21164625,0.159987,0.527337514492754,0.460125724637681,0.308980579710145,2025-05-05
5,126,0.179786,0.166868,0.127355,0.223046142857143,0.2042985,0.153707142857143,0.527337514492754,0.460125724637681,0.308980579710145,2025-05-06
5,127,NA,NA,NA,0.192116666666667,0.175646666666667,0.129193666666667,0.527337514492754,0.460125724637681,0.308980579710145,2025-05-07
5,128,NA,NA,NA,0.234747166666667,0.211603833333333,0.145687166666667,0.527337514492754,0.460125724637681,0.308980579710145,2025-05-08
5,129,NA,NA,NA,0.2268322,0.2060134,0.1432884,0.527337514492754,0.460125724637681,0.308980579710145,2025-05-09
5,130,0.087059,0.082748,0.058546,0.253125,0.229811,0.1601515,0.527337514492754,0.460125724637681,0.308980579710145,2025-05-10
5,131,0.175912,0.160212,0.116028,0.36899175,0.3260535,0.216765,0.527337514492754,0.460125724637681,0.308980579710145,2025-05-11
5,132,NA,NA,NA,0.4339674,0.3802466,0.2510122,0.527337514492754,0.460125724637681,0.308980579710145,2025-05-12
5,133,0.569743,0.509416,0.338677,0.410181,0.358308333333333,0.234813166666667,0.527337514492754,0.460125724637681,0.308980579710145,2025-05-13
5,134,NA,NA,NA,0.440352714285714,0.381411571428571,0.245558857142857,0.527337514492754,0.460125724637681,0.308980579710145,2025-05-14
5,135,NA,NA,NA,0.524211857142857,0.452772857142857,0.292625428571429,0.527337514492754,0.460125724637681,0.308980579710145,2025-05-15
5,136,0.643253,0.551838,0.353809,0.609138714285714,0.525498857142857,0.340506285714286,0.527337514492754,0.460125724637681,0.308980579710145,2025-05-16
5,137,0.69387,0.597019,0.388001,0.638926875,0.551044875,0.357784,0.527337514492754,0.460125724637681,0.308980579710145,2025-05-17
5,138,0.291249,0.248617,0.153818,0.726599375,0.62423875,0.4058855,0.527337514492754,0.460125724637681,0.308980579710145,2025-05-18
5,139,0.621383,0.520031,0.310033,0.726599375,0.62423875,0.4058855,0.527337514492754,0.460125724637681,0.308980579710145,2025-05-19
5,140,0.674073,0.582277,0.388012,0.708387555555556,0.608181333333333,0.394132,0.527337514492754,0.460125724637681,0.308980579710145,2025-05-20
5,141,0.7704,0.669294,0.451194,0.700433,0.602581833333333,0.391080388888889,0.527337514492754,0.460125724637681,0.308980579710145,2025-05-21
5,142,0.847444,0.729867,0.478728,0.701253375,0.6032771875,0.3914653125,0.527337514492754,0.460125724637681,0.308980579710145,2025-05-22
5,143,1.271123,1.094967,0.723489,0.806418875,0.6964695625,0.4589060625,0.527337514492754,0.460125724637681,0.308980579710145,2025-05-23
5,144,NA,NA,NA,0.780986375,0.67761675,0.4527770625,0.527337514492754,0.460125724637681,0.308980579710145,2025-05-24
5,145,0.562693,0.479722,0.300104,0.7584578125,0.6585611875,0.440174875,0.527337514492754,0.460125724637681,0.308980579710145,2025-05-25
5,146,0.571662,0.5014425,0.3263445,0.742860229166667,0.645417145833333,0.431259791666667,0.527337514492754,0.460125724637681,0.308980579710145,2025-05-26
5,147,NA,NA,NA,0.682003104166667,0.593055395833333,0.396041416666667,0.527337514492754,0.460125724637681,0.308980579710145,2025-05-27
5,148,1.132573,0.994156,0.693344,0.577286104166667,0.502359520833333,0.334227166666667,0.527337514492754,0.460125724637681,0.308980579710145,2025-05-28
5,149,0.417923,0.3692085,0.261001,0.57719187037037,0.502542240740741,0.335200481481481,0.527337514492754,0.460125724637681,0.308980579710145,2025-05-29
5,150,0.4938445,0.4298325,0.2871945,0.603229814814815,0.52521662962963,0.349692425925926,0.527337514492754,0.460125724637681,0.308980579710145,2025-05-30
5,151,0.645619333333333,0.564141666666667,0.379873333333333,0.613735592592593,0.532237907407407,0.351410148148148,0.527337514492754,0.460125724637681,0.308980579710145,2025-05-31
5,152,0.360587,0.310973,0.196981,0.628390733333333,0.545564816666667,0.360999033333333,0.527337514492754,0.460125724637681,0.308980579710145,2025-06-01
6,152,0.433387,0.3694,0.228975,0.553452133333333,0.479828666666667,0.314560533333333,0.8811992,0.7638598,0.499027383333333,2025-06-01
6,153,0.576438,0.504004,0.342987,0.582292433333333,0.503579666666667,0.327831083333333,0.8811992,0.7638598,0.499027383333333,2025-06-02
6,154,0.7970345,0.6837915,0.4305315,0.599497633333333,0.517603116666667,0.335863833333333,0.8811992,0.7638598,0.499027383333333,2025-06-03
6,155,0.666214,0.564634,0.341804,0.6196158,0.5336126,0.3437937,0.8811992,0.7638598,0.499027383333333,2025-06-04
6,156,0.760287,0.665507,0.447299,0.6818013,0.58650735,0.3769809,0.8811992,0.7638598,0.499027383333333,2025-06-05
6,157,0.383187,0.3367945,0.228959,0.73134085,0.6315664,0.4072727,0.8811992,0.7638598,0.499027383333333,2025-06-06
6,158,0.706326,0.6067185,0.3937065,0.79532015,0.6886157,0.4474737,0.8811992,0.7638598,0.499027383333333,2025-06-07
6,159,0.6658965,0.570067,0.367522,0.7865055,0.68190085,0.44602315,0.8811992,0.7638598,0.499027383333333,2025-06-08
6,160,0.846801,0.7242365,0.459172,0.83088965,0.72158935,0.4753983,0.8811992,0.7638598,0.499027383333333,2025-06-09
6,161,0.982442,0.8399205,0.528853,0.8568862,0.7434049,0.48753355,0.8811992,0.7638598,0.499027383333333,2025-06-10
6,162,0.9287825,0.8199905,0.531893,0.959454,0.83447885,0.55496265,0.8811992,0.7638598,0.499027383333333,2025-06-11
6,163,1.216231,1.074497,0.744997,0.99928,0.8681232,0.5749703,0.8811992,0.7638598,0.499027383333333,2025-06-12
6,164,0.708888,0.616643,0.416026,1.01831025,0.8840673,0.5838001,0.8811992,0.7638598,0.499027383333333,2025-06-13
6,165,1.1100555,0.961519,0.6355555,0.98273505,0.85406745,0.5651314,0.8811992,0.7638598,0.499027383333333,2025-06-14
6,166,1.0202525,0.8836625,0.5686515,0.95305935,0.8292959,0.5499032,0.8811992,0.7638598,0.499027383333333,2025-06-15
6,167,1.408865,1.247534,0.90325,0.93622855,0.8125829,0.5384511,0.8811992,0.7638598,0.499027383333333,2025-06-16
6,168,1.104586,0.943162,0.593783,0.87452285,0.7567858,0.4967882,0.8811992,0.7638598,0.499027383333333,2025-06-17
6,169,0.856199,0.729508,0.45582,0.87472465,0.7577654,0.4964469,0.8811992,0.7638598,0.499027383333333,2025-06-18
6,170,0.491049,0.424238,0.272485,0.83808755,0.7265372,0.47486655,0.8811992,0.7638598,0.499027383333333,2025-06-19
6,171,0.685685,0.592205,0.376571,0.8627227,0.74905985,0.49146775,0.8811992,0.7638598,0.499027383333333,2025-06-20
6,172,0.7604745,0.6528605,0.417372,0.8505592,0.73584965,0.47336115,0.8811992,0.7638598,0.499027383333333,2025-06-21
6,173,0.599174,0.516526,0.328368,0.8908817,0.77334815,0.50079785,0.8811992,0.7638598,0.499027383333333,2025-06-22
6,174,0.710906,0.626439,0.412613,0.9391456,0.81545355,0.53028105,0.8811992,0.7638598,0.499027383333333,2025-06-23
6,175,0.7436845,0.649237,0.419752,1.01048195,0.87695135,0.56999485,0.8811992,0.7638598,0.499027383333333,2025-06-24
6,176,1.266604,1.108889,0.7346635,1.0465705,0.908589833333333,0.591486388888889,0.8811992,0.7638598,0.499027383333333,2025-06-25
6,177,1.28723,1.115432,0.722184,1.03632166666667,0.900544555555556,0.587178722222222,0.8811992,0.7638598,0.499027383333333,2025-06-26
6,178,1.507811,1.318147,0.86815,1.08360455555556,0.942085777777778,0.615953722222222,0.8811992,0.7638598,0.499027383333333,2025-06-27
6,179,1.338838,1.150562,0.750652,1.07981416666667,0.937028277777778,0.611088944444444,0.8811992,0.7638598,0.499027383333333,2025-06-28
6,180,1.2044125,1.039216,0.669623,1.05916066666667,0.917880166666667,0.597995611111111,0.8811992,0.7638598,0.499027383333333,2025-06-29
6,181,NA,NA,NA,1.00233277777778,0.865640611111111,0.559799555555556,0.8811992,0.7638598,0.499027383333333,2025-06-30
6,182,0.668235,0.580453,0.378603,0.978956444444444,0.846193833333333,0.545996777777778,0.8811992,0.7638598,0.499027383333333,2025-07-01
7,182,1.02472,0.890397,0.587343,0.912849625,0.7871996875,0.505727625,0.96983883974359,0.85218716025641,0.558496083333333,2025-07-01
7,183,0.6767925,0.5809215,0.36883,0.859127375,0.742217,0.4779864375,0.96983883974359,0.85218716025641,0.558496083333333,2025-07-02
7,184,0.557803,0.476904,0.301912,0.811064375,0.700791875,0.4504885,0.96983883974359,0.85218716025641,0.558496083333333,2025-07-03
7,185,0.755153,0.638733,0.390899,0.811064375,0.700791875,0.4504885,0.96983883974359,0.85218716025641,0.558496083333333,2025-07-04
7,186,1.076843,0.940411,0.597959,0.8388125625,0.726878375,0.4682811875,0.96983883974359,0.85218716025641,0.558496083333333,2025-07-05
7,187,NA,NA,NA,0.7923226875,0.686707375,0.4412930625,0.96983883974359,0.85218716025641,0.558496083333333,2025-07-06
7,188,0.90906,0.7907005,0.5287225,0.8514759375,0.7413371875,0.4810683125,0.96983883974359,0.85218716025641,0.558496083333333,2025-07-07
7,189,0.8199085,0.707815,0.4496395,0.9215094375,0.8037234375,0.5311760625,0.96983883974359,0.85218716025641,0.558496083333333,2025-07-08
7,190,NA,NA,NA,0.9527735625,0.8313820625,0.5495636875,0.96983883974359,0.85218716025641,0.558496083333333,2025-07-09
7,191,0.8902205,0.789145,0.5209445,0.9644121875,0.8412269375,0.5583790625,0.96983883974359,0.85218716025641,0.558496083333333,2025-07-10
7,192,0.652801,0.569029,0.371438,0.973754537037037,0.850514685185185,0.564571685185185,0.96983883974359,0.85218716025641,0.558496083333333,2025-07-11
7,193,1.1500185,1.01796,0.687032,0.981841354166667,0.857991458333333,0.569052833333333,0.96983883974359,0.85218716025641,0.558496083333333,2025-07-12
7,194,1.118071,0.975994,0.702774,1.04630266666667,0.915260708333333,0.609241395833333,0.96983883974359,0.85218716025641,0.558496083333333,2025-07-13
7,195,1.005266,0.860002,0.538,1.05982931481481,0.928409740740741,0.619659518518519,0.96983883974359,0.85218716025641,0.558496083333333,2025-07-14
7,196,1.169952,1.01917,0.668482,1.08567725925926,0.954301740740741,0.637207851851852,0.96983883974359,0.85218716025641,0.558496083333333,2025-07-15
7,197,1.04849333333333,0.924816666666667,0.614112666666667,1.14847737037037,1.0069952962963,0.668346962962963,0.96983883974359,0.85218716025641,0.558496083333333,2025-07-16
7,198,NA,NA,NA,1.20944342592593,1.05614807407407,0.69622962962963,0.96983883974359,0.85218716025641,0.558496083333333,2025-07-17
7,199,1.335599,1.165969,0.771148,1.22086497916667,1.06616733333333,0.695411583333333,0.96983883974359,0.85218716025641,0.558496083333333,2025-07-18
7,200,1.1680425,1.033602,0.7030045,1.28319897916667,1.12311570833333,0.736644083333333,0.96983883974359,0.85218716025641,0.558496083333333,2025-07-19
7,201,1.122852,1.022173,0.6788795,1.18608447916667,1.03930983333333,0.682432083333333,0.96983883974359,0.85218716025641,0.558496083333333,2025-07-20
7,202,1.218002,1.043271,0.65169,1.20574035714286,1.055666,0.692192,0.96983883974359,0.85218716025641,0.558496083333333,2025-07-21
7,203,1.698713,1.460335,0.937976,1.1389144375,0.9959968125,0.6516408125,0.96983883974359,0.85218716025641,0.558496083333333,2025-07-22
7,204,NA,NA,NA,1.0721415625,0.9577141875,0.6253305,0.96983883974359,0.85218716025641,0.558496083333333,2025-07-23
7,205,1.503938,1.315589,0.86786,1.004294875,0.8969211875,0.5821723125,0.96983883974359,0.85218716025641,0.558496083333333,2025-07-24
7,206,0.393036,0.348723,0.234786,0.93878225,0.8344895625,0.539962625,0.96983883974359,0.85218716025641,0.558496083333333,2025-07-25
7,207,NA,NA,NA,0.898893714285714,0.804663642857143,0.524001571428571,0.96983883974359,0.85218716025641,0.558496083333333,2025-07-26
7,208,0.671133,0.5783125,0.3677825,0.831071285714286,0.749931071428571,0.492873142857143,0.96983883974359,0.85218716025641,0.558496083333333,2025-07-27
7,209,0.801416,0.859708,0.5606655,0.831071285714286,0.749931071428571,0.492873142857143,0.96983883974359,0.85218716025641,0.558496083333333,2025-07-28
7,210,0.625269,0.547258,0.357739,0.802783857142857,0.729368214285714,0.479663714285714,0.96983883974359,0.85218716025641,0.558496083333333,2025-07-29
7,211,0.598751,0.52272,0.341202,0.871075166666667,0.792809083333333,0.520476666666667,0.96983883974359,0.85218716025641,0.558496083333333,2025-07-30
7,212,NA,NA,NA,0.886961,0.803682642857143,0.529797428571429,0.96983883974359,0.85218716025641,0.558496083333333,2025-07-31
7,213,1.223956,1.077207,0.720077,0.906095285714286,0.820233285714286,0.539983214285714,0.96983883974359,0.85218716025641,0.558496083333333,2025-08-01
8,213,NA,NA,NA,0.923541833333333,0.813654166666667,0.536536166666667,0.889763961538461,0.777170923076923,0.510504711538462,2025-08-01
8,214,1.305926,1.171649,0.775394,0.932442,0.819801833333333,0.538462166666667,0.889763961538461,0.777170923076923,0.510504711538462,2025-08-02
8,215,NA,NA,NA,0.927188833333333,0.814192166666667,0.533108833333333,0.889763961538461,0.777170923076923,0.510504711538462,2025-08-03
8,216,0.982276,0.868924,0.585722,0.975040714285714,0.854535071428571,0.558071642857143,0.889763961538461,0.777170923076923,0.510504711538462,2025-08-04
8,217,0.805073,0.694167,0.439083,0.997858,0.873974642857143,0.567875357142857,0.889763961538461,0.777170923076923,0.510504711538462,2025-08-05
8,218,NA,NA,NA,1.061541125,0.9318974375,0.6149628125,0.889763961538461,0.777170923076923,0.510504711538462,2025-08-06
8,219,0.67867,0.584144,0.369295,1.028109125,0.8972595625,0.5888204375,0.889763961538461,0.777170923076923,0.510504711538462,2025-08-07
8,220,0.567232,0.489062,0.309082,1.02061144444444,0.893259055555556,0.5895265,0.889763961538461,0.777170923076923,0.510504711538462,2025-08-08
8,221,1.262152,1.0965925,0.7078485,1.010613,0.885599833333333,0.586420833333333,0.889763961538461,0.777170923076923,0.510504711538462,2025-08-09
8,222,1.383677,1.213284,0.788703,1.10843177777778,0.974181166666667,0.649454944444444,0.889763961538461,0.777170923076923,0.510504711538462,2025-08-10
8,223,1.507323,1.337357,0.944575,1.1748785,1.03133075,0.68955775,0.889763961538461,0.777170923076923,0.510504711538462,2025-08-11
8,224,1.03847,0.894546,0.566255,1.1379016,0.99991715,0.66968975,0.889763961538461,0.777170923076923,0.510504711538462,2025-08-12
8,225,0.96063,0.861255,0.595175,1.16989145,1.0270357,0.6863657,0.889763961538461,0.777170923076923,0.510504711538462,2025-08-13
8,226,0.89229,0.799991,0.557771,1.1041013,0.96988485,0.6494054,0.889763961538461,0.777170923076923,0.510504711538462,2025-08-14
8,227,1.685442,1.491399,1.00639,1.07303733333333,0.9428405,0.633927888888889,0.889763961538461,0.777170923076923,0.510504711538462,2025-08-15
8,228,1.772899,1.545677,1.050483,0.940573888888889,0.824890611111111,0.548286833333333,0.889763961538461,0.777170923076923,0.510504711538462,2025-08-16
8,229,0.308901,0.270008,0.170615,0.927910944444444,0.815079555555556,0.543705222222222,0.889763961538461,0.777170923076923,0.510504711538462,2025-08-17
8,230,0.8871305,0.7602475,0.4758415,0.887283833333333,0.776283111111111,0.513206333333333,0.889763961538461,0.777170923076923,0.510504711538462,2025-08-18
8,231,0.6042505,0.525084,0.3382455,0.819161166666667,0.714334944444444,0.467910944444444,0.889763961538461,0.777170923076923,0.510504711538462,2025-08-19
8,232,NA,NA,NA,0.678713333333333,0.588975444444444,0.381761666666667,0.889763961538461,0.777170923076923,0.510504711538462,2025-08-20
8,233,0.315152,0.275808,0.1738055,0.541940125,0.46938775,0.2981715,0.889763961538461,0.777170923076923,0.510504711538462,2025-08-21
8,234,0.9245035,0.8062465,0.5250205,0.6754265,0.585277125,0.38011575,0.889763961538461,0.777170923076923,0.510504711538462,2025-08-22
8,235,0.594986,0.512087,0.320685,0.6599134375,0.57264175,0.3719429375,0.889763961538461,0.777170923076923,0.510504711538462,2025-08-23
8,236,0.279186,0.2424575,0.1501125,0.693277,0.5999825,0.388138,0.889763961538461,0.777170923076923,0.510504711538462,2025-08-24
8,237,0.4214115,0.3631635,0.2310465,0.693277,0.5999825,0.388138,0.889763961538461,0.777170923076923,0.510504711538462,2025-08-25
8,238,NA,NA,NA,0.703836375,0.607901125,0.3920564375,0.889763961538461,0.777170923076923,0.510504711538462,2025-08-26
8,239,1.376792,1.197123,0.826169,0.6564831875,0.5651253125,0.36172725,0.889763961538461,0.777170923076923,0.510504711538462,2025-08-27
8,240,0.763026,0.6591645,0.410459,0.6652728125,0.5739661875,0.368230375,0.889763961538461,0.777170923076923,0.510504711538462,2025-08-28
8,241,0.871159,0.74381,0.467806,0.7490961875,0.644428125,0.4113046875,0.889763961538461,0.777170923076923,0.510504711538462,2025-08-29
8,242,NA,NA,NA,0.813145875,0.6990589375,0.44562925,0.889763961538461,0.777170923076923,0.510504711538462,2025-08-30
8,243,0.399627,0.339157,0.205153,0.818973111111111,0.706384944444444,0.448418722222222,0.889763961538461,0.777170923076923,0.510504711538462,2025-08-31
8,244,0.545678,0.46404,0.282387,0.766203,0.661872333333333,0.418429555555556,0.889763961538461,0.777170923076923,0.510504711538462,2025-09-01
9,244,0.665303,0.582814,0.37271,0.7422115,0.641258611111111,0.405845111111111,0.431400189655172,0.372483844827586,0.235230068965517,2025-09-01
9,245,0.949773,0.806153,0.494707,0.716777888888889,0.621441222222222,0.39556,0.431400189655172,0.372483844827586,0.235230068965517,2025-09-02
9,246,0.933809,0.80021,0.505643,0.7028623,0.6084822,0.3862118,0.431400189655172,0.372483844827586,0.235230068965517,2025-09-03
9,247,0.865591,0.764993,0.4707345,0.6849276,0.59363475,0.3774688,0.431400189655172,0.372483844827586,0.235230068965517,2025-09-04
9,248,0.901861,0.7965095,0.5562665,0.6564451,0.57000485,0.36369395,0.431400189655172,0.372483844827586,0.235230068965517,2025-09-05
9,249,0.5471025,0.473641,0.297199,0.6284496,0.54534125,0.34866105,0.431400189655172,0.372483844827586,0.235230068965517,2025-09-06
9,250,0.6422565,0.5654535,0.37524,0.56333635,0.49045695,0.31529295,0.431400189655172,0.372483844827586,0.235230068965517,2025-09-07
9,251,0.577622,0.491851,0.302078,0.491556,0.42917215,0.2764319,0.431400189655172,0.372483844827586,0.235230068965517,2025-09-08
9,252,0.22028,0.1906825,0.117723,0.4200647,0.36577065,0.23723975,0.431400189655172,0.372483844827586,0.235230068965517,2025-09-09
9,253,0.260853,0.227741,0.1446385,0.37207335,0.3218878,0.203042,0.431400189655172,0.372483844827586,0.235230068965517,2025-09-10
9,254,0.385348,0.336178,0.222381,0.3574726,0.308674,0.1942727,0.431400189655172,0.372483844827586,0.235230068965517,2025-09-11
9,255,0.2986405,0.25731,0.161026,0.32676625,0.28076775,0.17400175,0.431400189655172,0.372483844827586,0.235230068965517,2025-09-12
9,256,0.2160055,0.187362,0.1170325,0.29661325,0.25506965,0.15786865,0.431400189655172,0.372483844827586,0.235230068965517,2025-09-13
9,257,0.150678,0.130978,0.078813,0.3140087,0.2696864,0.16704125,0.431400189655172,0.372483844827586,0.235230068965517,2025-09-14
9,258,0.4219475,0.357681,0.214289,0.31217005,0.26776565,0.1655838,0.431400189655172,0.372483844827586,0.235230068965517,2025-09-15
9,259,0.401095,0.341503,0.209506,0.3008482,0.25734335,0.15750725,0.431400189655172,0.372483844827586,0.235230068965517,2025-09-16
9,260,0.335193,0.286391,0.1725305,0.31614165,0.26976675,0.1643928,0.431400189655172,0.372483844827586,0.235230068965517,2025-09-17
9,261,0.276092,0.23487,0.140747,0.32999965,0.282012,0.17375445,0.431400189655172,0.372483844827586,0.235230068965517,2025-09-18
9,262,0.3942345,0.33685,0.209449,0.34162235,0.2917133,0.1796998,0.431400189655172,0.372483844827586,0.235230068965517,2025-09-19
9,263,0.2424665,0.2085335,0.130064,0.3293771,0.2812104,0.1736659,0.431400189655172,0.372483844827586,0.235230068965517,2025-09-20
9,264,0.2721295,0.231955,0.1416155,0.3166532,0.2704535,0.1671402,0.431400189655172,0.372483844827586,0.235230068965517,2025-09-21
9,265,0.451575,0.381544,0.2298815,0.31650605,0.270563,0.1680301,0.431400189655172,0.372483844827586,0.235230068965517,2025-09-22
9,266,0.3545855,0.3098145,0.210649,0.3209965,0.274528888888889,0.171061555555556,0.431400189655172,0.372483844827586,0.235230068965517,2025-09-23
9,267,0.266905,0.227991,0.1382665,0.317816222222222,0.272762888888889,0.172240111111111,0.431400189655172,0.372483844827586,0.235230068965517,2025-09-24
9,268,0.299495,0.252652,0.15395,0.313828222222222,0.269369611111111,0.169877166666667,0.431400189655172,0.372483844827586,0.235230068965517,2025-09-25
9,269,0.273856,0.233934,0.144249,0.3190405625,0.2740464375,0.173409875,0.431400189655172,0.372483844827586,0.235230068965517,2025-09-26
9,270,0.3337215,0.287486,0.1814295,0.300107071428571,0.258689642857143,0.1653425,0.431400189655172,0.372483844827586,0.235230068965517,2025-09-27
9,271,NA,NA,NA,0.291027333333333,0.250168833333333,0.157791416666667,0.431400189655172,0.372483844827586,0.235230068965517,2025-09-28
9,272,0.365612,0.320956,0.220056,0.267501833333333,0.230721833333333,0.14606,0.431400189655172,0.372483844827586,0.235230068965517,2025-09-29
9,273,0.2065745,0.177994,0.1087975,0.2574805,0.223725666666667,0.1433475,0.431400189655172,0.372483844827586,0.235230068965517,2025-09-30
9,274,NA,NA,NA,0.240693666666667,0.2106455,0.135896333333333,0.431400189655172,0.372483844827586,0.235230068965517,2025-10-01
10,274,NA,NA,NA,0.20609525,0.181460083333333,0.11760025,0.193494549382716,0.168347012345679,0.10787112345679,2025-10-01
10,275,NA,NA,NA,0.195744642857143,0.173351928571429,0.113244071428571,0.193494549382716,0.168347012345679,0.10787112345679,2025-10-02
10,276,0.125752,0.111309,0.067878,0.161876642857143,0.1443225,0.0933013571428571,0.193494549382716,0.168347012345679,0.10787112345679,2025-10-03
10,277,0.239367,0.210675,0.137675,0.143220571428571,0.1288285,0.0840732857142857,0.193494549382716,0.168347012345679,0.10787112345679,2025-10-04
10,278,0.173135,0.155453,0.099542,0.143220571428571,0.1288285,0.0840732857142857,0.193494549382716,0.168347012345679,0.10787112345679,2025-10-05
10,279,0.126131,0.1123735,0.071653,0.143220571428571,0.1288285,0.0840732857142857,0.193494549382716,0.168347012345679,0.10787112345679,2025-10-06
10,280,0.133641,0.124703,0.087107,0.140687125,0.1262621875,0.081991625,0.193494549382716,0.168347012345679,0.10787112345679,2025-10-07
10,281,0.128536,0.11775,0.080457,0.15889225,0.1408638125,0.09032875,0.193494549382716,0.168347012345679,0.10787112345679,2025-10-08
10,282,0.075982,0.069536,0.044201,0.169418125,0.1500691875,0.09760775,0.193494549382716,0.168347012345679,0.10787112345679,2025-10-09
10,283,NA,NA,NA,0.188098375,0.1649928125,0.1077785,0.193494549382716,0.168347012345679,0.10787112345679,2025-10-10
10,284,NA,NA,NA,0.196050625,0.171086875,0.111395125,0.193494549382716,0.168347012345679,0.10787112345679,2025-10-11
10,285,0.122953,0.108298,0.06742,0.195110375,0.16898725,0.108246875,0.193494549382716,0.168347012345679,0.10787112345679,2025-10-12
10,286,0.271393,0.228122,0.134575,0.2069685,0.177986625,0.11234725,0.193494549382716,0.168347012345679,0.10787112345679,2025-10-13
10,287,0.323574,0.284318,0.195907,0.225680857142857,0.193479571428571,0.122082428571429,0.193494549382716,0.168347012345679,0.10787112345679,2025-10-14
10,288,0.322577,0.274842,0.180908,0.23791925,0.2039016875,0.12814825,0.193494549382716,0.168347012345679,0.10787112345679,2025-10-15
10,289,0.189749,0.161126,0.100586,0.220787666666667,0.189733166666667,0.119358777777778,0.193494549382716,0.168347012345679,0.10787112345679,2025-10-16
10,290,0.126119,0.107906,0.061921,0.221098333333333,0.190241055555556,0.120404777777778,0.193494549382716,0.168347012345679,0.10787112345679,2025-10-17
10,291,0.223401,0.189745,0.11326,0.211392222222222,0.182498055555556,0.116028222222222,0.193494549382716,0.168347012345679,0.10787112345679,2025-10-18
10,292,NA,NA,NA,0.204254,0.175451166666667,0.109539888888889,0.193494549382716,0.168347012345679,0.10787112345679,2025-10-19
10,293,0.323588,0.2768565,0.170609,0.192784481481481,0.165623759259259,0.102262037037037,0.193494549382716,0.168347012345679,0.10787112345679,2025-10-20
10,294,0.083735,0.076385,0.049043,0.204093703703704,0.175544314814815,0.10868337037037,0.193494549382716,0.168347012345679,0.10787112345679,2025-10-21
10,295,0.125749,0.112869,0.076834,0.210668314814815,0.180986925925926,0.112297759259259,0.193494549382716,0.168347012345679,0.10787112345679,2025-10-22
10,296,0.184038,0.158435,0.095186,0.213841037037037,0.184000037037037,0.115682648148148,0.193494549382716,0.168347012345679,0.10787112345679,2025-10-23
10,297,0.25933,0.220896,0.137512,0.223677683333333,0.193068833333333,0.122795833333333,0.193494549382716,0.168347012345679,0.10787112345679,2025-10-24
10,298,0.219351333333333,0.186395333333333,0.115407333333333,0.206044383333333,0.178270033333333,0.114301633333333,0.193494549382716,0.168347012345679,0.10787112345679,2025-10-25
10,299,0.291532,0.250411,0.158378,0.210156383333333,0.181530033333333,0.116461233333333,0.193494549382716,0.168347012345679,0.10787112345679,2025-10-26
10,300,0.1852905,0.1568895,0.0944505,0.210897083333333,0.182310233333333,0.117294433333333,0.193494549382716,0.168347012345679,0.10787112345679,2025-10-27
10,301,0.2519555,0.216863,0.143724,0.209942483333333,0.181844833333333,0.118232833333333,0.193494549382716,0.168347012345679,0.10787112345679,2025-10-28
10,302,0.3122075,0.274688,0.1868145,0.204454981481481,0.177505814814815,0.116090703703704,0.193494549382716,0.168347012345679,0.10787112345679,2025-10-29
10,303,0.147255,0.1288685,0.085667,0.191162722222222,0.166503,0.109712111111111,0.193494549382716,0.168347012345679,0.10787112345679,2025-10-30
10,304,0.124855,0.108985,0.070639,0.175127277777778,0.153157,0.101589111111111,0.193494549382716,0.168347012345679,0.10787112345679,2025-10-31
10,305,0.133156,0.120671,0.085166,0.167872148148148,0.147463907407407,0.0986069814814815,0.193494549382716,0.168347012345679,0.10787112345679,2025-11-01
11,305,0.174492,0.153781,0.10457,0.158460611111111,0.139891388888889,0.0938382777777778,0.340124155172414,0.29591158045977,0.19741775862069,2025-11-01
11,306,NA,NA,NA,0.138687055555556,0.122652555555556,0.0820545,0.340124155172414,0.29591158045977,0.19741775862069,2025-11-02
11,307,0.099721,0.08737,0.058,0.148472277777778,0.131242277777778,0.0876391666666667,0.340124155172414,0.29591158045977,0.19741775862069,2025-11-03
11,308,0.147213,0.130297,0.085271,0.164047018518519,0.144548981481481,0.0962445,0.340124155172414,0.29591158045977,0.19741775862069,2025-11-04
11,309,0.119994333333333,0.105651666666667,0.0676113333333333,0.187069611111111,0.163491944444444,0.107276907407407,0.340124155172414,0.29591158045977,0.19741775862069,2025-11-05
11,310,0.167251666666667,0.148710333333333,0.100805666666667,0.219153555555556,0.190546944444444,0.124069462962963,0.340124155172414,0.29591158045977,0.19741775862069,2025-11-06
11,311,0.1342455,0.1195385,0.0807605,0.2280322,0.19803205,0.129194816666667,0.340124155172414,0.29591158045977,0.19741775862069,2025-11-07
11,312,0.235322,0.206176,0.135929,0.2555494,0.2218334,0.145462316666667,0.340124155172414,0.29591158045977,0.19741775862069,2025-11-08
11,313,0.265027666666667,0.228745333333333,0.148087,0.27245465,0.236377,0.155250566666667,0.340124155172414,0.29591158045977,0.19741775862069,2025-11-09
11,314,0.340359333333333,0.291157666666667,0.184457666666667,0.293110216666667,0.254277533333333,0.167412966666667,0.340124155172414,0.29591158045977,0.19741775862069,2025-11-10
11,315,0.4632475,0.397276,0.255703,0.31504205,0.27381945,0.18210545,0.340124155172414,0.29591158045977,0.19741775862069,2025-11-11
11,316,0.30794,0.265398,0.175323,0.32874465,0.28538705,0.18957975,0.340124155172414,0.29591158045977,0.19741775862069,2025-11-12
11,317,0.374893,0.3253835,0.220675,0.337453583333333,0.29314475,0.195627983333333,0.340124155172414,0.29591158045977,0.19741775862069,2025-11-13
11,318,0.3162655,0.275733,0.1831535,0.335749116666667,0.291882816666667,0.195349183333333,0.340124155172414,0.29591158045977,0.19741775862069,2025-11-14
11,319,0.32655,0.284657,0.189235333333333,0.332686416666667,0.289384216666667,0.19401365,0.340124155172414,0.29591158045977,0.19741775862069,2025-11-15
11,320,0.38657,0.3441295,0.2477305,0.313114866666667,0.273379266666667,0.18483995,0.340124155172414,0.29591158045977,0.19741775862069,2025-11-16
11,321,0.2712715,0.2352145,0.1555035,0.3281585,0.286986033333333,0.194537383333333,0.340124155172414,0.29591158045977,0.19741775862069,2025-11-17
11,322,0.322411333333333,0.283753,0.196411333333333,0.3413251,0.297882633333333,0.200701333333333,0.340124155172414,0.29591158045977,0.19741775862069,2025-11-18
11,323,0.247983,0.216126,0.145299,0.348897583333333,0.304236333333333,0.204294916666667,0.340124155172414,0.29591158045977,0.19741775862069,2025-11-19
11,324,0.309732333333333,0.266171666666667,0.171102333333333,0.358087383333333,0.312920583333333,0.211390433333333,0.340124155172414,0.29591158045977,0.19741775862069,2025-11-20
11,325,0.267532,0.2372265,0.163966,0.362773833333333,0.316715633333333,0.213267683333333,0.340124155172414,0.29591158045977,0.19741775862069,2025-11-21
11,326,0.458376333333333,0.401465666666667,0.272297333333333,0.384788416666667,0.33596675,0.226493866666667,0.340124155172414,0.29591158045977,0.19741775862069,2025-11-22
11,327,0.506559,0.4343495,0.2823145,0.412088483333333,0.359161616666667,0.241266566666667,0.340124155172414,0.29591158045977,0.19741775862069,2025-11-23
11,328,0.391990333333333,0.33927,0.219089333333333,0.453320883333333,0.394088116666667,0.263902766666667,0.340124155172414,0.29591158045977,0.19741775862069,2025-11-24
11,329,0.418448,0.3714995,0.2601905,0.485310983333333,0.421616616666667,0.281948633333333,0.340124155172414,0.29591158045977,0.19741775862069,2025-11-25
11,330,0.4334345,0.38208,0.266503,0.509508648148148,0.442104407407407,0.295057814814815,0.340124155172414,0.29591158045977,0.19741775862069,2025-11-26
11,331,0.491417333333333,0.427725666666667,0.287765333333333,0.538509722222222,0.466463666666667,0.310787111111111,0.340124155172414,0.29591158045977,0.19741775862069,2025-11-27
11,332,0.595412,0.515701666666667,0.344138333333333,0.544005722222222,0.471540833333333,0.314735388888889,0.340124155172414,0.29591158045977,0.19741775862069,2025-11-28
11,333,0.660307,0.565391,0.371661,0.559493574074074,0.485210833333333,0.325357046296296,0.340124155172414,0.29591158045977,0.19741775862069,2025-11-29
11,334,0.629633333333333,0.541456666666667,0.351561,0.576954657407407,0.500490694444444,0.336714685185185,0.340124155172414,0.29591158045977,0.19741775862069,2025-11-30
11,335,NA,NA,NA,0.615449546296296,0.533465972222222,0.357989240740741,0.340124155172414,0.29591158045977,0.19741775862069,2025-12-01
12,335,0.719386,0.620699,0.413861,0.629697537037037,0.547157064814815,0.370017287037037,0.8428823359375,0.739925721354167,0.522087627604167,2025-12-01
12,336,0.556023,0.480044,0.317849,0.625729537037037,0.543109546296296,0.366054805555556,0.8428823359375,0.739925721354167,0.522087627604167,2025-12-02
12,337,0.531381,0.4623,0.31468425,0.614153944444444,0.535433546296296,0.365740472222222,0.8428823359375,0.739925721354167,0.522087627604167,2025-12-03
12,338,0.57559775,0.50901825,0.36240925,0.637442574074074,0.55850625,0.389302694444444,0.8428823359375,0.739925721354167,0.522087627604167,2025-12-04
12,339,0.7798885,0.6788575,0.457974,0.666637541666667,0.584295625,0.408021225,0.8428823359375,0.739925721354167,0.522087627604167,2025-12-05
12,340,0.61964925,0.5509455,0.39601775,0.666893466666667,0.585753925,0.411985125,0.8428823359375,0.739925721354167,0.522087627604167,2025-12-06
12,341,0.5597,0.479274,0.308476,0.682819416666667,0.600111125,0.423513125,0.8428823359375,0.739925721354167,0.522087627604167,2025-12-07
12,342,0.556126666666667,0.496307,0.368832,0.702431191666667,0.6177536,0.43717395,0.8428823359375,0.739925721354167,0.522087627604167,2025-12-08
12,343,0.839231,0.749111,0.563621,0.71382595,0.626723808333333,0.441574658333333,0.8428823359375,0.739925721354167,0.522087627604167,2025-12-09
12,344,0.92939225,0.8164,0.576488,0.7165403,0.629478083333333,0.445022408333333,0.8428823359375,0.739925721354167,0.522087627604167,2025-12-10
12,345,0.72194525,0.635282,0.4535,0.745361325,0.653996783333333,0.461407883333333,0.8428823359375,0.739925721354167,0.522087627604167,2025-12-11
12,346,0.7152825,0.623616,0.433129,0.769775458333333,0.675733783333333,0.47731115,0.8428823359375,0.739925721354167,0.522087627604167,2025-12-12
12,347,0.72749875,0.63872475,0.4512925,0.801812691666667,0.702298208333333,0.492103025,0.8428823359375,0.739925721354167,0.522087627604167,2025-12-13
12,348,0.689545333333333,0.598720333333333,0.406416333333333,0.821737641666667,0.717674783333333,0.497099425,0.8428823359375,0.739925721354167,0.522087627604167,2025-12-14
12,349,0.807032,0.70640025,0.4924515,0.819746216666667,0.714700983333333,0.492406075,0.8428823359375,0.739925721354167,0.522087627604167,2025-12-15
12,350,0.9078595,0.7961325,0.5598725,0.867987141666667,0.755432483333333,0.5191464,0.8428823359375,0.739925721354167,0.522087627604167,2025-12-16
12,351,0.803841333333333,0.696644,0.467508666666667,0.907080591666667,0.788633858333333,0.5401744,0.8428823359375,0.739925721354167,0.522087627604167,2025-12-17
12,352,0.876499,0.76195125,0.51675075,0.933076666666667,0.809949408333333,0.55330785,0.8428823359375,0.739925721354167,0.522087627604167,2025-12-18
12,353,1.0384805,0.90287675,0.613585,0.9521076,0.827012641666667,0.566191016666667,0.8428823359375,0.739925721354167,0.522087627604167,2025-12-19
12,354,0.909478,0.786662,0.5295545,0.9640893,0.83725875,0.572924833333333,0.8428823359375,0.739925721354167,0.522087627604167,2025-12-20
12,355,1.2043545,1.042597,0.72090325,0.980657983333333,0.851874333333333,0.582699216666667,0.8428823359375,0.739925721354167,0.522087627604167,2025-12-21
12,356,1.106217,0.95562975,0.643409,0.98421025,0.8572324,0.59157645,0.8428823359375,0.739925721354167,0.522087627604167,2025-12-22
12,357,0.9874595,0.85188025,0.582627,0.973076316666667,0.848912908333333,0.589144541666667,0.8428823359375,0.739925721354167,0.522087627604167,2025-12-23
12,358,0.879854666666667,0.769352666666667,0.535248,0.957212516666667,0.837611683333333,0.587430441666667,0.8428823359375,0.739925721354167,0.522087627604167,2025-12-24
12,359,0.926849,0.808861333333333,0.559789666666667,0.955751616666667,0.838906433333333,0.594076141666667,0.8428823359375,0.739925721354167,0.522087627604167,2025-12-25
12,360,1.07354633333333,0.942288333333333,0.657616333333333,0.948514166666667,0.8357152,0.597891583333333,0.8428823359375,0.739925721354167,0.522087627604167,2025-12-26
12,361,0.839364,0.750224666666667,0.556281,0.979782566666667,0.868943025,0.633821883333333,0.8428823359375,0.739925721354167,0.522087627604167,2025-12-27
12,362,0.765159666666667,0.678756333333333,0.492431666666667,0.978929574074074,0.870838888888889,0.639510203703704,0.8428823359375,0.739925721354167,0.522087627604167,2025-12-28
12,363,0.8798425,0.7898645,0.596444,0.9913139375,0.883524666666667,0.652542979166667,0.8428823359375,0.739925721354167,0.522087627604167,2025-12-29
12,364,0.894869,0.7996095,0.5960115,1.00052321428571,0.894190857142857,0.665793452380952,0.8428823359375,0.739925721354167,0.522087627604167,2025-12-30
12,365,1.13198,1.01068466666667,0.759057666666667,0.988352694444444,0.886174611111111,0.667156305555556,0.8428823359375,0.739925721354167,0.522087627604167,2025-12-31
12,366,1.418901,1.287908,1.002712,1.01815043333333,0.9133646,0.689331366666667,0.8428823359375,0.739925721354167,0.522087627604167,NA
