"Site","Month","DOY","AbsoluteHumidity_gm3","Date","AbsoluteHumidity_gm3_10days","AbsoluteHumidity_gm3_month","Dayof2019"
"Forest",1,1,22.2298147033333,2025-01-01,22.3131580597222,22.2838857726129,2025-01-01
"Forest",1,2,22.7276267766667,2025-01-02,22.2748851397619,22.2838857726129,2025-01-02
"Forest",1,3,22.19273572,2025-01-03,22.2783918525,22.2838857726129,2025-01-03
"Forest",1,4,22.6340988333333,2025-01-04,22.2814204377778,22.2838857726129,2025-01-04
"Forest",1,5,21.9175861083333,2025-01-05,22.3348280635,22.2838857726129,2025-01-05
"Forest",1,6,22.1770862166667,2025-01-06,22.435532234,22.2838857726129,2025-01-06
"Forest",1,7,22.04524762,2025-01-07,22.3925708276667,22.2838857726129,2025-01-07
"Forest",1,8,22.3029388416667,2025-01-08,22.3435722094667,22.2838857726129,2025-01-08
"Forest",1,9,22.30564912,2025-01-09,22.2851064595333,22.2838857726129,2025-01-09
"Forest",1,10,22.815496695,2025-01-10,22.3174364183,22.2838857726129,2025-01-10
"Forest",1,11,23.2368564083333,2025-01-11,22.3010992136333,22.2838857726129,2025-01-11
"Forest",1,12,22.2980127133333,2025-01-12,22.2685498904667,22.2838857726129,2025-01-12
"Forest",1,13,21.702749538,2025-01-13,22.1931970313,22.2838857726129,2025-01-13
"Forest",1,14,22.049441334,2025-01-14,22.1428478339,22.2838857726129,2025-01-14
"Forest",1,15,22.240885696,2025-01-15,22.1117688446,22.2838857726129,2025-01-15
"Forest",1,16,22.01371417,2025-01-16,22.0254375017667,22.2838857726129,2025-01-16
"Forest",1,17,21.7197543883333,2025-01-17,22.0961025744333,22.2838857726129,2025-01-17
"Forest",1,18,21.54941025,2025-01-18,22.1647611001333,22.2838857726129,2025-01-18
"Forest",1,19,21.802157146,2025-01-19,22.1228731107333,22.2838857726129,2025-01-19
"Forest",1,20,22.504706802,2025-01-20,22.0383070241333,22.2838857726129,2025-01-20
"Forest",1,21,22.37354298,2025-01-21,22.0451088131333,22.2838857726129,2025-01-21
"Forest",1,22,23.00466344,2025-01-22,22.1259599243,22.2838857726129,2025-01-22
"Forest",1,23,22.389334795,2025-01-23,22.2011046878,22.2838857726129,2025-01-23
"Forest",1,24,21.63056144,2025-01-24,22.2370930432,22.2838857726129,2025-01-24
"Forest",1,25,21.39522483,2025-01-25,22.306639622,22.2838857726129,2025-01-25
"Forest",1,26,22.08173206,2025-01-26,22.396094689,22.2838857726129,2025-01-26
"Forest",1,27,22.5282655,2025-01-27,22.4088752915,22.2838857726129,2025-01-27
"Forest",1,28,22.300857885,2025-01-28,22.40634864175,22.2838857726129,2025-01-28
"Forest",1,29,22.1620407,2025-01-29,22.45254183,22.2838857726129,2025-01-29
"Forest",1,30,23.20017259,2025-01-30,22.59605054125,22.2838857726129,2025-01-30
"Forest",1,31,23.26809365,2025-01-31,22.755078448,22.2838857726129,2025-01-31
"Forest",10,274,20.9992171911111,2025-10-01,21.3349750423294,21.3592110501745,2025-10-01
"Forest",10,275,21.53219734,2025-10-02,21.3688572242183,21.3592110501745,2025-10-02
"Forest",10,276,21.5124294257143,2025-10-03,21.4047329792738,21.3592110501745,2025-10-03
"Forest",10,277,21.1446659428571,2025-10-04,21.452178883696,21.3592110501745,2025-10-04
"Forest",10,278,21.6358842866667,2025-10-05,21.447145318596,21.3592110501745,2025-10-05
"Forest",10,279,21.7061819825,2025-10-06,21.4507033769849,21.3592110501745,2025-10-06
"Forest",10,280,21.3714989711111,2025-10-07,21.4660406707849,21.3592110501745,2025-10-07
"Forest",10,281,21.573110545,2025-10-08,21.4598102644635,21.3592110501745,2025-10-08
"Forest",10,282,21.675656802,2025-10-09,21.5197100029278,21.3592110501745,2025-10-09
"Forest",10,283,21.320610699,2025-10-10,21.5085862933722,21.3592110501745,2025-10-10
"Forest",10,284,21.034797775,2025-10-11,21.4502787537889,21.3592110501745,2025-10-11
"Forest",10,285,21.685570278,2025-10-12,21.5168398719,21.3592110501745,2025-10-12
"Forest",10,286,21.4501253625,2025-10-13,21.5476077546222,21.3592110501745,2025-10-13
"Forest",10,287,21.7436633275,2025-10-14,21.4931232154222,21.3592110501745,2025-10-14
"Forest",10,288,21.5246471911111,2025-10-15,21.4254074658079,21.3592110501745,2025-10-15
"Forest",10,289,21.1231065866667,2025-10-16,21.4535484983079,21.3592110501745,2025-10-16
"Forest",10,290,22.0371101522222,2025-10-17,21.3435393021746,21.3592110501745,2025-10-17
"Forest",10,291,21.8807893722222,2025-10-18,21.3225600272103,21.3592110501745,2025-10-18
"Forest",10,292,21.13081141,2025-10-19,21.259755946627,21.3592110501745,2025-10-19
"Forest",10,293,20.6434532028571,2025-10-20,21.1601885266587,21.3592110501745,2025-10-20
"Forest",10,294,21.3162081,2025-10-21,21.1859978924206,21.3592110501745,2025-10-21
"Forest",10,295,20.5854783166667,2025-10-22,21.109551282627,21.3592110501745,2025-10-22
"Forest",10,296,21.2403326128571,2025-10-23,21.071263951119,21.3592110501745,2025-10-23
"Forest",10,297,21.1156225216667,2025-10-24,21.097210580619,21.3592110501745,2025-10-24
"Forest",10,298,20.5289729914286,2025-10-25,21.1695348087619,21.3592110501745,2025-10-25
"Forest",10,299,21.3812002442857,2025-10-26,21.2093806611369,21.3592110501745,2025-10-26
"Forest",10,300,21.2726440542857,2025-10-27,21.2510668228988,21.3592110501745,2025-10-27
"Forest",10,301,21.4979160571429,2025-10-28,21.2509842472381,21.3592110501745,2025-10-28
"Forest",10,302,21.390277705,2025-10-29,21.2703823475714,21.3592110501745,2025-10-29
"Forest",10,303,21.3666954842857,2025-10-30,21.3020216053036,21.3592110501745,2025-10-30
"Forest",10,304,21.71466662375,2025-10-31,21.2962710315,21.3592110501745,2025-10-31
"Forest",11,305,21.0023399342857,2025-11-01,21.2526595506964,21.4180927957536,2025-11-01
"Forest",11,306,21.23950685625,2025-11-02,21.2279371572321,21.4180927957536,2025-11-02
"Forest",11,307,21.309603525,2025-11-03,21.2769456506071,21.4180927957536,2025-11-03
"Forest",11,308,20.84536556875,2025-11-04,21.2415054513036,21.4180927957536,2025-11-04
"Forest",11,309,21.32369450625,2025-11-05,21.2795928810536,21.4180927957536,2025-11-05
"Forest",11,310,20.83652924625,2025-11-06,21.33971825625,21.4180927957536,2025-11-06
"Forest",11,311,21.2506921225,2025-11-07,21.293160242375,21.4180927957536,2025-11-07
"Forest",11,312,21.88036263875,2025-11-08,21.310725395125,21.4180927957536,2025-11-08
"Forest",11,313,21.01229349125,2025-11-09,21.333982569875,21.4180927957536,2025-11-09
"Forest",11,314,22.09554092125,2025-11-10,21.292580465125,21.4180927957536,2025-11-10
"Forest",11,315,21.60359368625,2025-11-11,21.34853966825,21.4180927957536,2025-11-11
"Forest",11,316,20.7739267175,2025-11-12,21.3975169535,21.4180927957536,2025-11-12
"Forest",11,317,21.4852550525,2025-11-13,21.3675772257679,21.4180927957536,2025-11-13
"Forest",11,318,21.07793731625,2025-11-14,21.3801491970179,21.4180927957536,2025-11-14
"Forest",11,319,20.90967345875,2025-11-15,21.2788763701786,21.4180927957536,2025-11-15
"Forest",11,320,21.3961212775,2025-11-16,21.3254427562679,21.4180927957536,2025-11-16
"Forest",11,321,21.740464975,2025-11-17,21.4132204905179,21.4180927957536,2025-11-17
"Forest",11,322,21.5809653614286,2025-11-18,21.396508690125,21.4180927957536,2025-11-18
"Forest",11,323,21.13801320375,2025-11-19,21.4388856243571,21.4180927957536,2025-11-19
"Forest",11,324,21.0828126528571,2025-11-20,21.4312350403155,21.4180927957536,2025-11-20
"Forest",11,325,22.0692575471429,2025-11-21,21.4066340357655,21.4180927957536,2025-11-21
"Forest",11,326,21.65170406,2025-11-22,21.4336837929321,21.4180927957536,2025-11-22
"Forest",11,327,21.3181370485714,2025-11-23,21.4753302591893,21.4180927957536,2025-11-23
"Forest",11,328,21.5017066585714,2025-11-24,21.6155679711476,21.4180927957536,2025-11-24
"Forest",11,329,20.8331676183333,2025-11-25,21.6958091360286,21.4180927957536,2025-11-25
"Forest",11,330,21.150111232,2025-11-26,21.7375407566476,21.4180927957536,2025-11-26
"Forest",11,331,22.0109625466667,2025-11-27,21.732122363481,21.4180927957536,2025-11-27
"Forest",11,332,21.997430024,2025-11-28,21.7876250711238,21.4180927957536,2025-11-28
"Forest",11,333,22.5403903233333,2025-11-29,21.8069209746667,21.4180927957536,2025-11-29
"Forest",11,334,21.8852243016667,2025-11-30,21.8580464434333,21.4180927957536,2025-11-30
"Forest",12,335,22.4865737533333,2025-12-01,21.8509537990667,21.8260591017312,2025-12-01
"Forest",12,336,21.5975201283333,2025-12-02,21.7976153244,21.8260591017312,2025-12-02
"Forest",12,337,21.873164125,2025-12-03,21.725131284,21.8260591017312,2025-12-03
"Forest",12,338,21.694665694,2025-12-04,21.6313303985,21.8260591017312,2025-12-04
"Forest",12,339,21.344422306,2025-12-05,21.6206358161667,21.8260591017312,2025-12-05
"Forest",12,340,21.0791847883333,2025-12-06,21.503205545,21.8260591017312,2025-12-06
"Forest",12,341,21.4775778,2025-12-07,21.485418458,21.8260591017312,2025-12-07
"Forest",12,342,21.27258962,2025-12-08,21.4042761179,21.8260591017312,2025-12-08
"Forest",12,343,21.6023814683333,2025-12-09,21.3991586896667,21.8260591017312,2025-12-09
"Forest",12,344,21.7782784783333,2025-12-10,21.4351728794,21.8260591017312,2025-12-10
"Forest",12,345,21.3122710416667,2025-12-11,21.5685786997333,21.8260591017312,2025-12-11
"Forest",12,346,21.4196492583333,2025-12-12,21.6492839737333,21.8260591017312,2025-12-12
"Forest",12,347,21.061740724,2025-12-13,21.7367969005333,21.8260591017312,2025-12-13
"Forest",12,348,21.6434914116667,2025-12-14,21.7242528427,21.8260591017312,2025-12-14
"Forest",12,349,21.7045642033333,2025-12-15,21.7649715310333,21.8260591017312,2025-12-15
"Forest",12,350,22.4132429916667,2025-12-16,21.8521301762,21.8260591017312,2025-12-16
"Forest",12,351,22.28463054,2025-12-17,21.8828458150333,21.8260591017312,2025-12-17
"Forest",12,352,22.147718888,2025-12-18,21.9749907766333,21.8260591017312,2025-12-18
"Forest",12,353,21.47694089,2025-12-19,22.0411318424667,21.8260591017312,2025-12-19
"Forest",12,354,22.1854653616667,2025-12-20,22.0590457076333,21.8260591017312,2025-12-20
"Forest",12,355,22.1838574933333,2025-12-21,21.9373436986333,21.8260591017312,2025-12-21
"Forest",12,356,21.7268056466667,2025-12-22,21.8976278424667,21.8260591017312,2025-12-22
"Forest",12,357,21.98319034,2025-12-23,21.9611337516667,21.8260591017312,2025-12-23
"Forest",12,358,22.30490207,2025-12-24,22.0692957461667,21.8260591017312,2025-12-24
"Forest",12,359,21.883702855,2025-12-25,22.0854981025,21.8260591017312,2025-12-25
"Forest",12,360,21.1962229016667,2025-12-26,22.0567901188333,21.8260591017312,2025-12-26
"Forest",12,361,21.8874719783333,2025-12-27,22.1008551961667,21.8260591017312,2025-12-27
"Forest",12,362,22.78277798,2025-12-28,22.1139290690741,21.8260591017312,2025-12-28
"Forest",12,363,22.558560835,2025-12-29,22.0900574439583,21.8260591017312,2025-12-29
"Forest",12,364,22.347488925,2025-12-30,22.1195366709524,21.8260591017312,2025-12-30
"Forest",12,365,21.8967776566667,2025-12-31,22.2734222991667,21.8260591017312,2025-12-31
"Forest",2,32,23.132469465,2025-02-01,22.7732677198,22.384026176631,2025-02-01
"Forest",2,33,22.3640682975,2025-02-02,22.7344071257,22.384026176631,2025-02-02
"Forest",2,34,22.0924933225,2025-02-03,22.6610338701,22.384026176631,2025-02-03
"Forest",2,35,22.8303119425,2025-02-04,22.5376689926,22.384026176631,2025-02-04
"Forest",2,36,23.6720111275,2025-02-05,22.43466397785,22.384026176631,2025-02-05
"Forest",2,37,22.710158218,2025-02-06,22.36783982155,22.384026176631,2025-02-06
"Forest",2,38,21.912251944,2025-02-07,22.4400665774,22.384026176631,2025-02-07
"Forest",2,39,21.428308144,2025-02-08,22.38636467175,22.384026176631,2025-02-08
"Forest",2,40,21.966523815,2025-02-09,22.3464414598333,22.384026176631,2025-02-09
"Forest",2,41,22.2380435025,2025-02-10,22.2383722484833,22.384026176631,2025-02-10
"Forest",2,42,22.464227902,2025-02-11,22.1504137538833,22.384026176631,2025-02-11
"Forest",2,43,23.086335856,2025-02-12,22.22986245265,22.384026176631,2025-02-12
"Forest",2,44,21.555474266,2025-02-13,22.40010802665,22.384026176631,2025-02-13
"Forest",2,45,22.4310798233333,2025-02-14,22.4653090898167,22.384026176631,2025-02-14
"Forest",2,46,22.591319014,2025-02-15,22.4793963431667,22.384026176631,2025-02-15
"Forest",2,47,21.830573272,2025-02-16,22.4929494955667,22.384026176631,2025-02-16
"Forest",2,48,22.7067389316667,2025-02-17,22.3504650635667,22.384026176631,2025-02-17
"Forest",2,49,23.130763884,2025-02-18,22.4147469879667,22.384026176631,2025-02-18
"Forest",2,50,22.6185344466667,2025-02-19,22.4391294948833,22.384026176631,2025-02-19
"Forest",2,51,22.378916036,2025-02-20,22.4575310682833,22.384026176631,2025-02-20
"Forest",2,52,22.599759426,2025-02-21,22.4378937604833,22.384026176631,2025-02-21
"Forest",2,53,21.661491536,2025-02-22,22.2819532047167,22.384026176631,2025-02-22
"Forest",2,54,22.19829351,2025-02-23,22.2609580218167,22.384026176631,2025-02-23
"Forest",2,55,22.6749048925,2025-02-24,22.26061153995,22.384026176631,2025-02-24
"Forest",2,56,22.775334748,2025-02-25,22.31433572535,22.384026176631,2025-02-25
"Forest",2,57,21.634200194,2025-02-26,22.29582072575,22.384026176631,2025-02-26
"Forest",2,58,21.147333374,2025-02-27,22.3564621978167,22.384026176631,2025-02-27
"Forest",2,59,22.920812055,2025-02-28,22.3212967058167,22.384026176631,2025-02-28
"Forest",3,60,22.615069628,2025-03-01,22.3407180614,22.3960646832488,2025-03-01
"Forest",3,61,22.91615789,2025-03-02,22.3318598714333,22.3960646832488,2025-03-02
"Forest",3,62,22.41460943,2025-03-03,22.5118317010333,22.3960646832488,2025-03-03
"Forest",3,63,22.2679062566667,2025-03-04,22.5635802494667,22.3960646832488,2025-03-04
"Forest",3,64,21.84663859,2025-03-05,22.5208673231667,22.3960646832488,2025-03-05
"Forest",3,65,22.8691184483333,2025-03-06,22.4858214252,22.3960646832488,2025-03-06
"Forest",3,66,22.6867528483333,2025-03-07,22.4658195000333,22.3960646832488,2025-03-07
"Forest",3,67,23.43391849,2025-03-08,22.5550473017,22.3960646832488,2025-03-08
"Forest",3,68,21.6648188583333,2025-03-09,22.6039622560333,22.3960646832488,2025-03-09
"Forest",3,69,22.493682792,2025-03-10,22.6485715638333,22.3960646832488,2025-03-10
"Forest",3,70,22.2646106483333,2025-03-11,22.6123462384,22.3960646832488,2025-03-11
"Forest",3,71,22.7161386383333,2025-03-12,22.5528974891667,22.3960646832488,2025-03-12
"Forest",3,72,23.3068874466667,2025-03-13,22.4316782149667,22.3960646832488,2025-03-13
"Forest",3,73,22.7570558,2025-03-14,22.4070667229333,22.3960646832488,2025-03-14
"Forest",3,74,22.292731668,2025-03-15,22.3420731777333,22.3960646832488,2025-03-15
"Forest",3,75,22.506865194,2025-03-16,22.3694635325667,22.3960646832488,2025-03-16
"Forest",3,76,22.092265356,2025-03-17,22.2565380639,22.3960646832488,2025-03-17
"Forest",3,77,22.221725748,2025-03-18,22.1184882672333,22.3960646832488,2025-03-18
"Forest",3,78,21.418703938,2025-03-19,22.1243316677333,22.3960646832488,2025-03-19
"Forest",3,79,21.84374734,2025-03-20,22.116646646219,22.3960646832488,2025-03-20
"Forest",3,80,22.5385141966667,2025-03-21,22.044733828819,22.3960646832488,2025-03-21
"Forest",3,81,21.5868839516667,2025-03-22,22.0569628053857,22.3960646832488,2025-03-22
"Forest",3,82,21.92638948,2025-03-23,22.1298142861857,22.3960646832488,2025-03-23
"Forest",3,83,22.815489805,2025-03-24,22.2384300263857,22.3960646832488,2025-03-24
"Forest",3,84,22.2158814528571,2025-03-25,22.2796548358857,22.3960646832488,2025-03-25
"Forest",3,85,21.78773702,2025-03-26,22.3110085975048,22.3960646832488,2025-03-26
"Forest",3,86,22.2145551216667,2025-03-27,22.3482016746238,22.3960646832488,2025-03-27
"Forest",3,87,22.950240556,2025-03-28,22.3623564231238,22.3960646832488,2025-03-28
"Forest",3,88,22.50486134,2025-03-29,22.2885589891952,22.3960646832488,2025-03-29
"Forest",3,89,22.255995435,2025-03-30,22.2546480343381,22.3960646832488,2025-03-30
"Forest",3,90,22.8520518128571,2025-03-31,22.3304487693381,22.3960646832488,2025-03-31
"Forest",4,91,21.9588147228571,2025-04-01,22.3586262203143,22.3320010618122,2025-04-01
"Forest",4,92,22.067936965,2025-04-02,22.2977850268571,22.3320010618122,2025-04-02
"Forest",4,93,22.0775154657143,2025-04-03,22.2957799461429,22.3320010618122,2025-04-03
"Forest",4,94,21.8767719042857,2025-04-04,22.2097108730714,22.3320010618122,2025-04-04
"Forest",4,95,22.54574437,2025-04-05,22.1151030692857,22.3320010618122,2025-04-05
"Forest",4,96,22.4963296314286,2025-04-06,22.1824287314286,22.3320010618122,2025-04-06
"Forest",4,97,22.3418286214286,2025-04-07,22.2700088809286,22.3320010618122,2025-04-07
"Forest",4,98,22.4848105328571,2025-04-08,22.2670811341071,22.3320010618122,2025-04-08
"Forest",4,99,21.3953047042857,2025-04-09,22.3654300531786,22.3320010618122,2025-04-09
"Forest",4,100,21.905973775,2025-04-10,22.3297003888036,22.3320010618122,2025-04-10
"Forest",4,101,22.6320713442857,2025-04-11,22.3037935750357,22.3320010618122,2025-04-11
"Forest",4,102,22.94373846,2025-04-12,22.3293200271429,22.3320010618122,2025-04-12
"Forest",4,103,22.0482379975,2025-04-13,22.340088452746,22.3320010618122,2025-04-13
"Forest",4,104,22.860261095,2025-04-14,22.4472651958175,22.3320010618122,2025-04-14
"Forest",4,105,22.18844772625,2025-04-15,22.5379260389425,22.3320010618122,2025-04-15
"Forest",4,106,22.23726149375,2025-04-16,22.5305081267361,22.3320010618122,2025-04-16
"Forest",4,107,22.5970931425,2025-04-17,22.4216117177361,22.3320010618122,2025-04-17
"Forest",4,108,22.5924947888889,2025-04-18,22.4284588740972,22.3320010618122,2025-04-18
"Forest",4,109,22.467072135,2025-04-19,22.4154679002639,22.3320010618122,2025-04-19
"Forest",4,110,22.81258220625,2025-04-20,22.4682133250139,22.3320010618122,2025-04-20
"Forest",4,111,22.5578922222222,2025-04-21,22.4818332341944,22.3320010618122,2025-04-21
"Forest",4,112,21.85477437,2025-04-22,22.4435066404444,22.3320010618122,2025-04-22
"Forest",4,113,22.1167095611111,2025-04-23,22.4273943366667,22.3320010618122,2025-04-23
"Forest",4,114,22.7303513566667,2025-04-24,22.3670251515,22.3320010618122,2025-04-24
"Forest",4,115,22.71590197375,2025-04-25,22.3429740772083,22.3320010618122,2025-04-25
"Forest",4,116,22.3734605855556,2025-04-26,22.3102800611111,22.3320010618122,2025-04-26
"Forest",4,117,22.213827205,2025-04-27,22.3515796968889,22.3320010618122,2025-04-27
"Forest",4,118,22.4313717511111,2025-04-28,22.3731533255556,22.3320010618122,2025-04-28
"Forest",4,119,21.8633802833333,2025-04-29,22.3027566584889,22.3320010618122,2025-04-29
"Forest",4,120,22.5720714633333,2025-04-30,22.2347098546694,22.3320010618122,2025-04-30
"Forest",5,121,22.23095206125,2025-05-01,22.1499923160028,22.1410195066246,2025-05-01
"Forest",5,122,22.2677707277778,2025-05-02,22.0989961255028,22.1410195066246,2025-05-02
"Forest",5,123,22.3324458477778,2025-05-03,22.0825384620583,22.1410195066246,2025-05-03
"Forest",5,124,22.026384686,2025-05-04,22.129519874625,22.1410195066246,2025-05-04
"Forest",5,125,22.0354339355556,2025-05-05,22.0768219745917,22.1410195066246,2025-05-05
"Forest",5,126,21.5262851988889,2025-05-06,22.0630304486667,22.1410195066246,2025-05-06
"Forest",5,127,21.7038653,2025-05-07,22.0933941268889,22.1410195066246,2025-05-07
"Forest",5,128,22.2667951166667,2025-05-08,22.0639041290111,22.1410195066246,2025-05-08
"Forest",5,129,22.333194409,2025-05-09,22.0816727759111,22.1410195066246,2025-05-09
"Forest",5,130,22.045092463,2025-05-10,22.0880119783556,22.1410195066246,2025-05-10
"Forest",5,131,22.093036802,2025-05-11,22.1942277371333,22.1410195066246,2025-05-11
"Forest",5,132,22.57140751,2025-05-12,22.2648942698333,22.1410195066246,2025-05-12
"Forest",5,133,22.037545869,2025-05-13,22.2750750448667,22.1410195066246,2025-05-13
"Forest",5,134,22.204071155,2025-05-14,22.3020608289667,22.1410195066246,2025-05-14
"Forest",5,135,22.09882596,2025-05-15,22.3091544261667,22.1410195066246,2025-05-15
"Forest",5,136,22.5884427866667,2025-05-16,22.3115029098556,22.1410195066246,2025-05-16
"Forest",5,137,22.410530627,2025-05-17,22.2338656888556,22.1410195066246,2025-05-17
"Forest",5,138,22.368602867,2025-05-18,22.2291242162889,22.1410195066246,2025-05-18
"Forest",5,139,22.60305225,2025-05-19,22.2405807753444,22.1410195066246,2025-05-19
"Forest",5,140,22.116028435,2025-05-20,22.2759961730111,22.1410195066246,2025-05-20
"Forest",5,141,22.1165216388889,2025-05-21,22.2175176154556,22.1410195066246,2025-05-21
"Forest",5,142,21.7950353,2025-05-22,22.1651800104222,22.1410195066246,2025-05-22
"Forest",5,143,21.9901311433333,2025-05-23,22.1314101857222,22.1410195066246,2025-05-23
"Forest",5,144,22.3186367455556,2025-05-24,22.0737255037222,22.1410195066246,2025-05-24
"Forest",5,145,22.4529799366667,2025-05-25,22.0607113801111,22.1410195066246,2025-05-25
"Forest",5,146,22.0036572111111,2025-05-26,22.0395319058889,22.1410195066246,2025-05-26
"Forest",5,147,21.8871545766667,2025-05-27,22.0622923837778,22.1410195066246,2025-05-27
"Forest",5,148,22.03090462,2025-05-28,22.0615301852222,22.1410195066246,2025-05-28
"Forest",5,149,22.02620543,2025-05-29,22.0077503097778,22.1410195066246,2025-05-29
"Forest",5,150,21.9858871988889,2025-05-30,21.9139098454444,22.1410195066246,2025-05-30
"Forest",5,151,21.9047268966667,2025-05-31,21.8620418304444,22.1410195066246,2025-05-31
"Forest",6,152,22.0226400788889,2025-06-01,21.8234758868889,21.0541427746627,2025-06-01
"Forest",6,153,21.9825091577778,2025-06-02,21.8064664241111,21.0541427746627,2025-06-02
"Forest",6,154,21.7808379911111,2025-06-03,21.7600496276111,21.0541427746627,2025-06-03
"Forest",6,155,21.5145752933333,2025-06-04,21.7148901357222,21.0541427746627,2025-06-04
"Forest",6,156,21.4849770611111,2025-06-05,21.6760250896806,21.0541427746627,2025-06-05
"Forest",6,157,21.5014951411111,2025-06-06,21.6268324984167,21.0541427746627,2025-06-06
"Forest",6,158,21.8608099922222,2025-06-07,21.5523451907639,21.0541427746627,2025-06-07
"Forest",6,159,21.562037465,2025-06-08,21.507762601875,21.0541427746627,2025-06-08
"Forest",6,160,21.53429228,2025-06-09,21.4788017119861,21.0541427746627,2025-06-09
"Forest",6,161,21.51607643625,2025-06-10,21.40094811925,21.0541427746627,2025-06-10
"Forest",6,162,21.53071416625,2025-06-11,21.3589594245833,21.0541427746627,2025-06-11
"Forest",6,163,21.23763608125,2025-06-12,21.2291797217361,21.0541427746627,2025-06-12
"Forest",6,164,21.3350121022222,2025-06-13,21.1190899561111,21.0541427746627,2025-06-13
"Forest",6,165,21.2249663944444,2025-06-14,21.0406067681111,21.0541427746627,2025-06-14
"Forest",6,166,20.70644113375,2025-06-15,21.0074502161111,21.0541427746627,2025-06-15
"Forest",6,167,21.0816081944444,2025-06-16,20.9600728862361,21.0541427746627,2025-06-16
"Forest",6,168,20.56301296375,2025-06-17,20.9231357604861,21.0541427746627,2025-06-17
"Forest",6,169,20.46113980875,2025-06-18,20.8302958142639,21.0541427746627,2025-06-18
"Forest",6,170,20.7494604,2025-06-19,20.7795802324444,21.0541427746627,2025-06-19
"Forest",6,171,21.18451091625,2025-06-20,20.7722727119444,21.0541427746627,2025-06-20
"Forest",6,172,21.0569408675,2025-06-21,20.6966452055,21.0541427746627,2025-06-21
"Forest",6,173,20.86826482375,2025-06-22,20.6935957219821,21.0541427746627,2025-06-22
"Forest",6,174,20.40661264,2025-06-23,20.6688321381071,21.0541427746627,2025-06-23
"Forest",6,175,20.71781057625,2025-06-24,20.5624874805357,21.0541427746627,2025-06-24
"Forest",6,176,20.63336592875,2025-06-25,20.4789530181964,21.0541427746627,2025-06-25
"Forest",6,177,20.32533313,2025-06-26,20.4042673880179,21.0541427746627,2025-06-26
"Forest",6,178,20.5325181285714,2025-06-27,20.3719562319286,21.0541427746627,2025-06-27
"Forest",6,179,20.21350397,2025-06-28,20.3460459569286,21.0541427746627,2025-06-28
"Forest",6,180,19.6860138242857,2025-06-29,20.3165666047321,21.0541427746627,2025-06-29
"Forest",6,181,20.3491662928571,2025-06-30,20.2258934538571,21.0541427746627,2025-06-30
"Forest",7,182,20.3100845657143,2025-07-01,20.164718177,19.5147963659236,2025-07-01
"Forest",7,183,20.5451532628571,2025-07-02,20.1178353582857,19.5147963659236,2025-07-02
"Forest",7,184,20.14750989,2025-07-03,20.0770354242857,19.5147963659236,2025-07-03
"Forest",7,185,20.4230170542857,2025-07-04,20.0419268004286,19.5147963659236,2025-07-04
"Forest",7,186,19.72663442,2025-07-05,19.9736574344286,19.5147963659236,2025-07-05
"Forest",7,187,19.7135803614286,2025-07-06,19.8768244607143,19.5147963659236,2025-07-06
"Forest",7,188,20.0636899414286,2025-07-07,19.7640935942857,19.5147963659236,2025-07-07
"Forest",7,189,19.80550463,2025-07-08,19.7302355094286,19.5147963659236,2025-07-08
"Forest",7,190,19.3349275857143,2025-07-09,19.6648951102857,19.5147963659236,2025-07-09
"Forest",7,191,19.6664726328571,2025-07-10,19.6391399597143,19.5147963659236,2025-07-10
"Forest",7,192,19.3417548285714,2025-07-11,19.6189602871429,19.5147963659236,2025-07-11
"Forest",7,193,19.4178445985714,2025-07-12,19.5668128128571,19.5147963659236,2025-07-12
"Forest",7,194,19.8089290414286,2025-07-13,19.5512637252857,19.5147963659236,2025-07-13
"Forest",7,195,19.7696130628571,2025-07-14,19.5967755698571,19.5147963659236,2025-07-14
"Forest",7,196,19.4690829142857,2025-07-15,19.5991474034286,19.5147963659236,2025-07-15
"Forest",7,197,19.5117836357143,2025-07-16,19.6437233502857,19.5147963659236,2025-07-16
"Forest",7,198,19.5422151985714,2025-07-17,19.6350652495952,19.5147963659236,2025-07-17
"Forest",7,199,19.6500137542857,2025-07-18,19.5864339824524,19.5147963659236,2025-07-18
"Forest",7,200,19.7900460314286,2025-07-19,19.472755550881,19.5147963659236,2025-07-19
"Forest",7,201,19.6901909685714,2025-07-20,19.3704195234524,19.5147963659236,2025-07-20
"Forest",7,202,19.7875142971429,2025-07-21,19.3033290095476,19.5147963659236,2025-07-21
"Forest",7,203,19.3312635916667,2025-07-22,19.2109524035238,19.5147963659236,2025-07-22
"Forest",7,204,19.32261637,2025-07-23,19.1411191510952,19.5147963659236,2025-07-23
"Forest",7,205,18.6328287471429,2025-07-24,19.0559107884524,19.5147963659236,2025-07-24
"Forest",7,206,18.44572264,2025-07-25,19.001029602881,19.5147963659236,2025-07-25
"Forest",7,207,18.8408784966667,2025-07-26,18.9443124667917,19.5147963659236,2025-07-26
"Forest",7,208,18.6184491383333,2025-07-27,18.899549626,19.5147963659236,2025-07-27
"Forest",7,209,18.95168123,2025-07-28,18.8560153015,19.5147963659236,2025-07-28
"Forest",7,210,18.937962405,2025-07-29,18.9459321304107,19.5147963659236,2025-07-29
"Forest",7,211,19.1413791128571,2025-07-30,19.0554526690357,19.5147963659236,2025-07-30
"Forest",7,212,19.22034293625,2025-07-31,19.109250833119,19.5147963659236,2025-07-31
"Forest",8,213,18.88363518375,2025-08-01,19.1795241289107,19.4813045720116,2025-08-01
"Forest",8,214,18.887273125,2025-08-02,19.2180853965357,19.4813045720116,2025-08-02
"Forest",8,215,19.53199703625,2025-08-03,19.2444323865357,19.4813045720116,2025-08-03
"Forest",8,216,19.54092802625,2025-08-04,19.2863428395,19.4813045720116,2025-08-04
"Forest",8,217,19.3788601375,2025-08-05,19.3401554755,19.4813045720116,2025-08-05
"Forest",8,218,19.32118209625,2025-08-06,19.426577086125,19.4813045720116,2025-08-06
"Forest",8,219,19.33729390625,2025-08-07,19.4662045925,19.4813045720116,2025-08-07
"Forest",8,220,19.201432305,2025-08-08,19.426790138125,19.4813045720116,2025-08-08
"Forest",8,221,19.5604836425,2025-08-09,19.379753923125,19.4813045720116,2025-08-09
"Forest",8,222,19.75846929625,2025-08-10,19.390015420625,19.4813045720116,2025-08-10
"Forest",8,223,19.74785129,2025-08-11,19.402998010125,19.4813045720116,2025-08-11
"Forest",8,224,19.28354818875,2025-08-12,19.404180604125,19.4813045720116,2025-08-12
"Forest",8,225,19.1378524925,2025-08-13,19.41199552625,19.4813045720116,2025-08-13
"Forest",8,226,19.07056587625,2025-08-14,19.416115332625,19.4813045720116,2025-08-14
"Forest",8,227,19.4814751125,2025-08-15,19.361408084625,19.4813045720116,2025-08-15
"Forest",8,228,19.45100799125,2025-08-16,19.3567172731806,19.4813045720116,2025-08-16
"Forest",8,229,19.34911984625,2025-08-17,19.3714940610833,19.4813045720116,2025-08-17
"Forest",8,230,19.27958152625,2025-08-18,19.4326366127222,19.4813045720116,2025-08-18
"Forest",8,231,19.60168170625,2025-08-19,19.5543784203194,19.4813045720116,2025-08-19
"Forest",8,232,19.21139681625,2025-08-20,19.5934616077361,19.4813045720116,2025-08-20
"Forest",8,233,19.7009431755556,2025-08-21,19.5840625869444,19.4813045720116,2025-08-21
"Forest",8,234,19.4313160677778,2025-08-22,19.623180422875,19.4813045720116,2025-08-22
"Forest",8,235,19.7492780088889,2025-08-23,19.6645697669167,19.4813045720116,2025-08-23
"Forest",8,236,20.2879839522222,2025-08-24,19.6576003445139,19.4813045720116,2025-08-24
"Forest",8,237,19.8723069866667,2025-08-25,19.6995055022222,19.4813045720116,2025-08-25
"Forest",8,238,19.3570177833333,2025-08-26,19.7203862955556,19.4813045720116,2025-08-26
"Forest",8,239,19.7402982055556,2025-08-27,19.7286540862222,19.4813045720116,2025-08-27
"Forest",8,240,19.6934749666667,2025-08-28,19.7284366852222,19.4813045720116,2025-08-28
"Forest",8,241,19.5319874822222,2025-08-29,19.7115626726667,19.4813045720116,2025-08-29
"Forest",8,242,19.6304483933333,2025-08-30,19.7407625374,19.4813045720116,2025-08-30
"Forest",8,243,19.9097511088889,2025-08-31,19.8083675525667,19.4813045720116,2025-08-31
"Forest",9,244,19.5139939744444,2025-09-01,19.8412041223111,20.6382843389148,2025-09-01
"Forest",9,245,19.7471039988889,2025-09-02,19.8691375024444,20.6382843389148,2025-09-02
"Forest",9,246,20.1192438266667,2025-09-03,19.9708108350222,20.6382843389148,2025-09-03
"Forest",9,247,20.164305634,2025-09-04,20.0505421057889,20.6382843389148,2025-09-04
"Forest",9,248,20.033067935,2025-09-05,20.0753706586,20.6382843389148,2025-09-05
"Forest",9,249,20.068663903,2025-09-06,20.1351039289556,20.6382843389148,2025-09-06
"Forest",9,250,19.972808768,2025-09-07,20.2598149421667,20.6382843389148,2025-09-07
"Forest",9,251,20.548720808,2025-09-08,20.3204596457,20.6382843389148,2025-09-08
"Forest",9,252,20.427761101,2025-09-09,20.3722581555,20.6382843389148,2025-09-09
"Forest",9,253,20.158036637,2025-09-10,20.4025941878,20.6382843389148,2025-09-10
"Forest",9,254,20.111326678,2025-09-11,20.4759521203,20.6382843389148,2025-09-11
"Forest",9,255,20.994214131,2025-09-12,20.5992068995,20.6382843389148,2025-09-12
"Forest",9,256,20.725690862,2025-09-13,20.665380973,20.6382843389148,2025-09-13
"Forest",9,257,20.682290732,2025-09-14,20.7332303118,20.6382843389148,2025-09-14
"Forest",9,258,20.336428258,2025-09-15,20.8200393314,20.6382843389148,2025-09-15
"Forest",9,259,20.802243228,2025-09-16,20.8993038684,20.6382843389148,2025-09-16
"Forest",9,260,21.20535656,2025-09-17,20.9145470317444,20.6382843389148,2025-09-17
"Forest",9,261,21.210461543,2025-09-18,20.9354732466694,20.6382843389148,2025-09-18
"Forest",9,262,21.106254489,2025-09-19,20.9027356528444,20.6382843389148,2025-09-19
"Forest",9,263,21.026126833,2025-09-20,20.9645759719333,20.6382843389148,2025-09-20
"Forest",9,264,20.903972048,2025-09-21,20.9923455438,20.6382843389148,2025-09-21
"Forest",9,265,21.1466457644444,2025-09-22,20.9750776030222,20.6382843389148,2025-09-22
"Forest",9,266,20.93495301125,2025-09-23,20.9754667481667,20.6382843389148,2025-09-23
"Forest",9,267,20.35491479375,2025-09-24,20.9849610750444,20.6382843389148,2025-09-24
"Forest",9,268,20.9548314488889,2025-09-25,21.0194430267444,20.6382843389148,2025-09-25
"Forest",9,269,21.0799389466667,2025-09-26,21.0289675410556,20.6382843389148,2025-09-26
"Forest",9,270,21.0326771522222,2025-09-27,21.0675226986111,20.6382843389148,2025-09-27
"Forest",9,271,21.2143529944444,2025-09-28,21.1252703400575,20.6382843389148,2025-09-28
"Forest",9,272,21.2011977577778,2025-09-29,21.2042454549683,20.6382843389148,2025-09-29
"Forest",9,273,21.37094635,2025-09-30,21.272350738746,20.6382843389148,2025-09-30
"Forest",NA,366,22.16745642,NA,22.3506123633333,22.16745642,NA
"Savanna",1,1,20.9528484641667,2025-01-01,21.2087700311458,21.1548414387356,2025-01-01
"Savanna",1,2,21.3712117766667,2025-01-02,21.2069259683036,21.1548414387356,2025-01-02
"Savanna",1,3,21.0757219022917,2025-01-03,21.1770382607552,21.1548414387356,2025-01-03
"Savanna",1,4,21.3973475027083,2025-01-04,21.1564711379861,21.1548414387356,2025-01-04
"Savanna",1,5,21.23445895125,2025-01-05,21.1169979209583,21.1548414387356,2025-01-05
"Savanna",1,6,21.2210315897917,2025-01-06,21.1431158631042,21.1548414387356,2025-01-06
"Savanna",1,7,21.19586159125,2025-01-07,21.17762273325,21.1548414387356,2025-01-07
"Savanna",1,8,20.9678243079167,2025-01-08,21.2073646578542,21.1548414387356,2025-01-08
"Savanna",1,9,20.9919341558333,2025-01-09,21.181755056375,21.1548414387356,2025-01-09
"Savanna",1,10,20.7617389677083,2025-01-10,21.2162524726042,21.1548414387356,2025-01-10
"Savanna",1,11,21.214027885625,2025-01-11,21.1913452274792,21.1548414387356,2025-01-11
"Savanna",1,12,21.716280478125,2025-01-12,21.2293369620208,21.1548414387356,2025-01-12
"Savanna",1,13,21.3731411483333,2025-01-13,21.202287559375,21.1548414387356,2025-01-13
"Savanna",1,14,21.1412514879167,2025-01-14,21.2180431818155,21.1548414387356,2025-01-14
"Savanna",1,15,21.5794331135417,2025-01-15,21.2374713925446,21.1548414387356,2025-01-15
"Savanna",1,16,20.9719591385417,2025-01-16,21.2384033191488,21.1548414387356,2025-01-16
"Savanna",1,17,21.5757789366667,2025-01-17,21.1831775924554,21.1548414387356,2025-01-17
"Savanna",1,18,20.6973302814583,2025-01-18,21.1507959302887,21.1548414387356,2025-01-18
"Savanna",1,19,21.1494903802381,2025-01-19,21.1084897719018,21.1548414387356,2025-01-19
"Savanna",1,20,20.956021075,2025-01-20,21.0526718379762,21.1548414387356,2025-01-20
"Savanna",1,21,21.2233471516667,2025-01-21,21.065471750003,21.1548414387356,2025-01-21
"Savanna",1,22,21.1640232111905,2025-01-22,21.047313462122,21.1548414387356,2025-01-22
"Savanna",1,23,21.0493245266667,2025-01-23,21.1381062506637,21.1548414387356,2025-01-23
"Savanna",1,24,20.7181899040476,2025-01-24,21.1647620447024,21.1548414387356,2025-01-24
"Savanna",1,25,21.0212537742857,2025-01-25,21.1566722516399,21.1548414387356,2025-01-25
"Savanna",1,26,21.0999582588095,2025-01-26,21.1032044314107,21.1548414387356,2025-01-26
"Savanna",1,27,21.3941960578571,2025-01-27,21.0929467787292,21.1548414387356,2025-01-27
"Savanna",1,28,21.605258166875,2025-01-28,21.0911122784196,21.1548414387356,2025-01-28
"Savanna",1,29,21.416048320625,2025-01-29,21.1496603310863,21.1548414387356,2025-01-29
"Savanna",1,30,20.875123144375,2025-01-30,21.1892996389077,21.1548414387356,2025-01-30
"Savanna",1,31,20.688668949375,2025-01-31,21.2694712453839,21.1548414387356,2025-01-31
"Savanna",10,274,20.28238136,2025-10-01,20.2032251435972,20.5300437085631,2025-10-01
"Savanna",10,275,20.1536748044444,2025-10-02,20.3176180107778,20.5300437085631,2025-10-02
"Savanna",10,276,20.4791366372222,2025-10-03,20.3937659677431,20.5300437085631,2025-10-03
"Savanna",10,277,20.2342281838889,2025-10-04,20.4622533629306,20.5300437085631,2025-10-04
"Savanna",10,278,20.4092096055556,2025-10-05,20.5135659110069,20.5300437085631,2025-10-05
"Savanna",10,279,20.15795746875,2025-10-06,20.5383926685694,20.5300437085631,2025-10-06
"Savanna",10,280,20.75081607625,2025-10-07,20.6110559069167,20.5300437085631,2025-10-07
"Savanna",10,281,20.673276356875,2025-10-08,20.6704101394861,20.5300437085631,2025-10-08
"Savanna",10,282,21.231853136875,2025-10-09,20.7269065522431,20.5300437085631,2025-10-09
"Savanna",10,283,20.7631254802083,2025-10-10,20.7458410322708,20.5300437085631,2025-10-10
"Savanna",10,284,20.530648935625,2025-10-11,20.761059144625,20.5300437085631,2025-10-11
"Savanna",10,285,20.8803071879167,2025-10-12,20.7556924676458,20.5300437085631,2025-10-12
"Savanna",10,286,21.0726789629167,2025-10-13,20.8207758713333,20.5300437085631,2025-10-13
"Savanna",10,287,20.7991923114583,2025-10-14,20.7440049518542,20.5300437085631,2025-10-14
"Savanna",10,288,20.5985544058333,2025-10-15,20.6576911924375,20.5300437085631,2025-10-15
"Savanna",10,289,20.3101385922917,2025-10-16,20.6571316283125,20.5300437085631,2025-10-16
"Savanna",10,290,20.6971493064583,2025-10-17,20.6213781016458,20.5300437085631,2025-10-17
"Savanna",10,291,21.32411039375,2025-10-18,20.5572110200208,20.5300437085631,2025-10-18
"Savanna",10,292,20.4641439420833,2025-10-19,20.5302251449167,20.5300437085631,2025-10-19
"Savanna",10,293,19.8999878860417,2025-10-20,20.4284369906458,20.5300437085631,2025-10-20
"Savanna",10,294,20.525053294375,2025-10-21,20.4464116842917,20.5300437085631,2025-10-21
"Savanna",10,295,20.52277192125,2025-10-22,20.4527641970208,20.5300437085631,2025-10-22
"Savanna",10,296,20.4310081466667,2025-10-23,20.3510011705833,20.5300437085631,2025-10-23
"Savanna",10,297,20.5293335604167,2025-10-24,20.3610691020179,20.5300437085631,2025-10-24
"Savanna",10,298,19.580672863125,2025-10-25,20.4041081662262,20.5300437085631,2025-10-25
"Savanna",10,299,20.48988552875,2025-10-26,20.4193730636637,20.5300437085631,2025-10-26
"Savanna",10,300,20.76067443375,2025-10-27,20.4304872921637,20.5300437085631,2025-10-27
"Savanna",10,301,20.306480129375,2025-10-28,20.4460722473542,20.5300437085631,2025-10-28
"Savanna",10,302,20.5648232564286,2025-10-29,20.4929664484375,20.5300437085631,2025-10-29
"Savanna",10,303,20.330378528125,2025-10-30,20.50277374225,20.5300437085631,2025-10-30
"Savanna",10,304,20.67770226875,2025-10-31,20.5260462406875,20.5300437085631,2025-10-31
"Savanna",11,305,20.63391420625,2025-11-01,20.4875274854375,20.7392284450241,2025-11-01
"Savanna",11,306,20.5868576985714,2025-11-02,20.5281941266667,20.7392284450241,2025-11-02
"Savanna",11,307,20.99827557125,2025-11-03,20.5535149885863,20.7392284450241,2025-11-03
"Savanna",11,308,19.67874580125,2025-11-04,20.5759377094613,20.7392284450241,2025-11-04
"Savanna",11,309,20.722610513125,2025-11-05,20.5762095264613,20.7392284450241,2025-11-05
"Savanna",11,310,20.37548688125,2025-11-06,20.6024032060863,20.7392284450241,2025-11-06
"Savanna",11,311,20.7131465416667,2025-11-07,20.6290776793006,20.7392284450241,2025-11-07
"Savanna",11,312,20.818031875625,2025-11-08,20.6025076070506,20.7392284450241,2025-11-08
"Savanna",11,313,20.554605736875,2025-11-09,20.6842444880506,20.7392284450241,2025-11-09
"Savanna",11,314,20.68042043875,2025-11-10,20.6718766643006,20.7392284450241,2025-11-10
"Savanna",11,315,20.8958510025,2025-11-11,20.7101965709613,20.7392284450241,2025-11-11
"Savanna",11,316,20.8536024307143,2025-11-12,20.7306906025804,20.7392284450241,2025-11-12
"Savanna",11,317,20.73257484875,2025-11-13,20.767058669875,20.7392284450241,2025-11-13
"Savanna",11,318,20.49611461125,2025-11-14,20.7676704146875,20.7392284450241,2025-11-14
"Savanna",11,319,20.598932275625,2025-11-15,20.743016197,20.7392284450241,2025-11-15
"Savanna",11,320,20.7586859478571,2025-11-16,20.781767633875,20.7392284450241,2025-11-16
"Savanna",11,321,20.9180868578571,2025-11-17,20.7884544830813,20.7392284450241,2025-11-17
"Savanna",11,322,21.1817125485714,2025-11-18,20.7764076468313,20.7392284450241,2025-11-18
"Savanna",11,323,20.560723185,2025-11-19,20.7955427852064,20.7392284450241,2025-11-19
"Savanna",11,324,20.433878261875,2025-11-20,20.7911418238105,20.7392284450241,2025-11-20
"Savanna",11,325,21.28336537125,2025-11-21,20.7941123048581,20.7392284450241,2025-11-21
"Savanna",11,326,20.9204709227778,2025-11-22,20.8107133365724,20.7392284450241,2025-11-22
"Savanna",11,327,20.61210648625,2025-11-23,20.7945930881042,20.7392284450241,2025-11-23
"Savanna",11,328,20.687465995,2025-11-24,20.7994987983542,20.7392284450241,2025-11-24
"Savanna",11,329,20.5549226616667,2025-11-25,20.8984596116111,20.7392284450241,2025-11-25
"Savanna",11,330,20.7883907583333,2025-11-26,20.8610649868611,20.7392284450241,2025-11-26
"Savanna",11,331,21.084097175,2025-11-27,20.8479404328056,20.7392284450241,2025-11-27
"Savanna",11,332,21.0205100638889,2025-11-28,20.877653633625,20.7392284450241,2025-11-28
"Savanna",11,333,20.6097802875,2025-11-29,20.92126584375,20.7392284450241,2025-11-29
"Savanna",11,334,21.4234863944444,2025-11-30,20.9751324637917,20.7392284450241,2025-11-30
"Savanna",12,335,20.90941912375,2025-12-01,21.0153115079583,21.0487214321359,2025-12-01
"Savanna",12,336,20.7892253822222,2025-12-02,21.0034522641875,21.0487214321359,2025-12-02
"Savanna",12,337,20.9092384944444,2025-12-03,21.0049937566875,21.0487214321359,2025-12-03
"Savanna",12,338,21.12358809625,2025-12-04,21.0197425335833,21.0487214321359,2025-12-04
"Savanna",12,339,21.0935888620833,2025-12-05,21.0134271319167,21.0487214321359,2025-12-05
"Savanna",12,340,21.1901812,2025-12-06,20.9910466681898,21.0487214321359,2025-12-06
"Savanna",12,341,20.9655047372917,2025-12-07,21.0136821852639,21.0487214321359,2025-12-07
"Savanna",12,342,21.0359249888889,2025-12-08,21.0180703051361,21.0487214321359,2025-12-08
"Savanna",12,343,20.7572680564583,2025-12-09,20.9424071553861,21.0487214321359,2025-12-09
"Savanna",12,344,21.3603323777778,2025-12-10,20.9467443829694,21.0487214321359,2025-12-10
"Savanna",12,345,20.6856144864815,2025-12-11,20.9853269319694,21.0487214321359,2025-12-11
"Savanna",12,346,21.015580552963,2025-12-12,20.9674416136778,21.0487214321359,2025-12-12
"Savanna",12,347,20.9531196931667,2025-12-13,20.9428885325389,21.0487214321359,2025-12-13
"Savanna",12,348,20.36695659875,2025-12-14,20.9861063617056,21.0487214321359,2025-12-14
"Savanna",12,349,21.1369611379167,2025-12-15,20.9631845464903,21.0487214321359,2025-12-15
"Savanna",12,350,21.57600669,2025-12-16,20.9925695725088,21.0487214321359,2025-12-16
"Savanna",12,351,20.786651554375,2025-12-17,21.01262624315,21.0487214321359,2025-12-17
"Savanna",12,352,20.7903941775,2025-12-18,21.0396130312143,21.0487214321359,2025-12-18
"Savanna",12,353,21.189446348125,2025-12-19,21.1939370697768,21.0487214321359,2025-12-19
"Savanna",12,354,21.131114225625,2025-12-20,21.2014889788185,21.0487214321359,2025-12-20
"Savanna",12,355,20.9794647466667,2025-12-21,21.122038697881,21.0487214321359,2025-12-21
"Savanna",12,356,21.216147259375,2025-12-22,21.1700199278601,21.0487214321359,2025-12-22
"Savanna",12,357,21.2229875738095,2025-12-23,21.246199556381,21.0487214321359,2025-12-23
"Savanna",12,358,21.910196984375,2025-12-24,21.2057146435685,21.0487214321359,2025-12-24
"Savanna",12,359,21.2124802283333,2025-12-25,21.173171407131,21.0487214321359,2025-12-25
"Savanna",12,360,20.781503880625,2025-12-26,21.1764782865476,21.0487214321359,2025-12-26
"Savanna",12,361,21.2664638541667,2025-12-27,21.0773711771101,21.0487214321359,2025-12-27
"Savanna",12,362,21.5521904627083,2025-12-28,21.0611915774769,21.0487214321359,2025-12-28
"Savanna",12,363,20.78459722,2025-12-29,20.9550659016146,21.0487214321359,2025-12-29
"Savanna",12,364,20.80568186125,2025-12-30,20.918292426369,21.0487214321359,2025-12-30
"Savanna",12,365,21.0125335408333,2025-12-31,20.9410905173264,21.0487214321359,2025-12-31
"Savanna",2,32,21.061446684375,2025-02-01,21.2854020805982,21.0435280185374,2025-02-01
"Savanna",2,33,21.0309795235714,2025-02-02,21.2659266236964,21.0435280185374,2025-02-02
"Savanna",2,34,21.3036704307143,2025-02-03,21.2523146622054,21.0435280185374,2025-02-03
"Savanna",2,35,21.4176468525,2025-02-04,21.203473994125,21.0435280185374,2025-02-04
"Savanna",2,36,21.9016743235714,2025-02-05,21.2469501806161,21.0435280185374,2025-02-05
"Savanna",2,37,21.55350441,2025-02-06,21.2428138246786,21.0435280185374,2025-02-06
"Savanna",2,38,21.4105035978571,2025-02-07,21.2541155119643,21.0435280185374,2025-02-07
"Savanna",2,39,21.2799287057143,2025-02-08,21.1803271378929,21.0435280185374,2025-02-08
"Savanna",2,40,20.3867164635714,2025-02-09,21.1361766659554,21.0435280185374,2025-02-09
"Savanna",2,41,21.1234308142857,2025-02-10,21.0663477099732,21.0435280185374,2025-02-10
"Savanna",2,42,21.020083125,2025-02-11,20.9628469900982,21.0435280185374,2025-02-11
"Savanna",2,43,21.1439963964286,2025-02-12,20.9242958335,21.0435280185374,2025-02-12
"Savanna",2,44,20.56578669,2025-02-13,20.8704612697619,21.0435280185374,2025-02-13
"Savanna",2,45,20.976142133125,2025-02-14,20.8682952202798,21.0435280185374,2025-02-14
"Savanna",2,46,21.20338476375,2025-02-15,20.8945824717887,21.0435280185374,2025-02-15
"Savanna",2,47,20.51849721125,2025-02-16,20.9133014651012,21.0435280185374,2025-02-16
"Savanna",2,48,21.024992031875,2025-02-17,20.9080972626806,21.0435280185374,2025-02-17
"Savanna",2,49,20.7415830683333,2025-02-18,20.9841468619306,21.0435280185374,2025-02-18
"Savanna",2,50,20.36505596875,2025-02-19,20.9582103942847,21.0435280185374,2025-02-19
"Savanna",2,51,21.386303329375,2025-02-20,20.9703561440208,21.0435280185374,2025-02-20
"Savanna",2,52,21.207273058125,2025-02-21,20.9834929347708,21.0435280185374,2025-02-21
"Savanna",2,53,21.0919543722222,2025-02-22,20.9344028036458,21.0435280185374,2025-02-22
"Savanna",2,54,21.3262826825,2025-02-23,20.9554817293125,21.0435280185374,2025-02-23
"Savanna",2,55,20.7167774566667,2025-02-24,21.0214932626597,21.0435280185374,2025-02-24
"Savanna",2,56,21.3248422611111,2025-02-25,20.9813199360556,21.0435280185374,2025-02-25
"Savanna",2,57,20.64986511875,2025-02-26,20.9048674642986,21.0435280185374,2025-02-26
"Savanna",2,58,20.534090720625,2025-02-27,20.8790796247639,21.0435280185374,2025-02-27
"Savanna",2,59,20.952372325,2025-02-28,20.8198653732917,21.0435280185374,2025-02-28
"Savanna",3,60,21.0251713022222,2025-03-01,20.8680797316806,21.1312888562362,2025-03-01
"Savanna",3,61,20.9845700633333,2025-03-02,20.7979868230069,21.1312888562362,2025-03-02
"Savanna",3,62,20.4427483405556,2025-03-03,20.8455200955764,21.1312888562362,2025-03-03
"Savanna",3,63,20.834075976875,2025-03-04,20.8335291333889,21.1312888562362,2025-03-04
"Savanna",3,64,20.7341401677778,2025-03-05,20.8325884927389,21.1312888562362,2025-03-05
"Savanna",3,65,21.1989210405556,2025-03-06,20.8353989896667,21.1312888562362,2025-03-06
"Savanna",3,66,20.623913174375,2025-03-07,20.8897189051667,21.1312888562362,2025-03-07
"Savanna",3,67,21.1251978444444,2025-03-08,21.0165275762778,21.1312888562362,2025-03-08
"Savanna",3,68,20.41418109875,2025-03-09,21.0529637770903,21.1312888562362,2025-03-09
"Savanna",3,69,20.9429659185,2025-03-10,21.12428847125,21.1312888562362,2025-03-10
"Savanna",3,70,21.0532762715,2025-03-11,21.0996033671389,21.1312888562362,2025-03-11
"Savanna",3,71,21.5277692183333,2025-03-12,21.1996040833125,21.1312888562362,2025-03-12
"Savanna",3,72,21.7108350516667,2025-03-13,21.1797979296458,21.1312888562362,2025-03-13
"Savanna",3,73,21.198437985,2025-03-14,21.2690594326597,21.1312888562362,2025-03-14
"Savanna",3,74,21.447387109375,2025-03-15,21.3032070281222,21.1312888562362,2025-03-15
"Savanna",3,75,20.9520699994444,2025-03-16,21.3037534066389,21.1312888562362,2025-03-16
"Savanna",3,76,21.6239203361111,2025-03-17,21.2698496775278,21.1312888562362,2025-03-17
"Savanna",3,77,20.9271363077778,2025-03-18,21.2161095211389,21.1312888562362,2025-03-18
"Savanna",3,78,21.3067961288889,2025-03-19,21.2315984365833,21.1312888562362,2025-03-19
"Savanna",3,79,21.284441873125,2025-03-20,21.2160000122014,21.1312888562362,2025-03-20
"Savanna",3,80,21.0587400566667,2025-03-21,21.2308670078681,21.1312888562362,2025-03-21
"Savanna",3,81,21.1887319272222,2025-03-22,21.1877869915347,21.1312888562362,2025-03-22
"Savanna",3,82,21.1734334877778,2025-03-23,21.2459179759712,21.1312888562362,2025-03-23
"Savanna",3,83,21.3533271394444,2025-03-24,21.2334260778601,21.1312888562362,2025-03-24
"Savanna",3,84,21.2914028655556,2025-03-25,21.2253247326587,21.1312888562362,2025-03-25
"Savanna",3,85,21.1007399561111,2025-03-26,21.2653259278046,21.1312888562362,2025-03-26
"Savanna",3,86,21.1931201727778,2025-03-27,21.2870792564573,21.1312888562362,2025-03-27
"Savanna",3,87,21.5084461521429,2025-03-28,21.2470531940685,21.1312888562362,2025-03-28
"Savanna",3,88,21.1818771477778,2025-03-29,21.2104654584573,21.1312888562362,2025-03-29
"Savanna",3,89,21.2034284211111,2025-03-30,21.1854966378462,21.1312888562362,2025-03-30
"Savanna",3,90,21.458752008125,2025-03-31,21.2050995255685,21.1312888562362,2025-03-31
"Savanna",4,91,21.40626521375,2025-04-01,21.2297649834157,21.178869492894,2025-04-01
"Savanna",4,92,20.7731728638889,2025-04-02,21.1823694539792,21.178869492894,2025-04-02
"Savanna",4,93,20.9874497833333,2025-04-03,21.1772987889236,21.178869492894,2025-04-03
"Savanna",4,94,21.0417146594444,2025-04-04,21.1591519842569,21.178869492894,2025-04-04
"Savanna",4,95,21.2967688333333,2025-04-05,21.1265391716111,21.178869492894,2025-04-05
"Savanna",4,96,21.43977475125,2025-04-06,21.1394259041736,21.178869492894,2025-04-06
"Savanna",4,97,21.0344908577778,2025-04-07,21.1979883003958,21.178869492894,2025-04-07
"Savanna",4,98,21.1311704972222,2025-04-08,21.1858584625069,21.178869492894,2025-04-08
"Savanna",4,99,21.0219603744444,2025-04-09,21.2751410445069,21.178869492894,2025-04-09
"Savanna",4,100,21.1326238816667,2025-04-10,21.2449691518403,21.178869492894,2025-04-10
"Savanna",4,101,21.535132539375,2025-04-11,21.1578149514931,21.178869492894,2025-04-11
"Savanna",4,102,21.3587968261111,2025-04-12,21.1661322296042,21.178869492894,2025-04-12
"Savanna",4,103,20.8661514044444,2025-04-13,21.1564285794375,21.178869492894,2025-04-13
"Savanna",4,104,21.9345404794444,2025-04-14,21.1391454482153,21.178869492894,2025-04-14
"Savanna",4,105,20.9950499066667,2025-04-15,21.1202971239931,21.178869492894,2025-04-15
"Savanna",4,106,20.5682327477778,2025-04-16,21.0931448216111,21.178869492894,2025-04-16
"Savanna",4,107,21.1176636388889,2025-04-17,21.0857304062778,21.178869492894,2025-04-17
"Savanna",4,108,21.0341339955556,2025-04-18,21.1069382791111,21.178869492894,2025-04-18
"Savanna",4,109,20.8491290622222,2025-04-19,21.0631627427167,21.178869492894,2025-04-19
"Savanna",4,110,20.9441406394444,2025-04-20,21.0917033104,21.178869492894,2025-04-20
"Savanna",4,111,21.2636095155556,2025-04-21,21.1672381922722,21.178869492894,2025-04-21
"Savanna",4,112,21.2846526727778,2025-04-22,21.1949209586333,21.178869492894,2025-04-22
"Savanna",4,113,21.0782301327778,2025-04-23,21.2262368776778,21.178869492894,2025-04-23
"Savanna",4,114,21.4967851155,2025-04-24,21.2255051643556,21.178869492894,2025-04-24
"Savanna",4,115,21.2804555835,2025-04-25,21.2897721830778,21.178869492894,2025-04-25
"Savanna",4,116,21.3235815665,2025-04-26,21.2790469185222,21.178869492894,2025-04-26
"Savanna",4,117,21.3944913025,2025-04-27,21.2783659250944,21.178869492894,2025-04-27
"Savanna",4,118,21.347293186,2025-04-28,21.3072166926167,21.178869492894,2025-04-28
"Savanna",4,119,20.841811929,2025-04-29,21.2413858217167,21.178869492894,2025-04-29
"Savanna",4,120,21.5868108266667,2025-04-30,21.2235091158167,21.178869492894,2025-04-30
"Savanna",5,121,21.15635687,2025-05-01,21.1881540387167,21.1001386423244,2025-05-01
"Savanna",5,122,21.2778427385,2025-05-02,21.1363265418167,21.1001386423244,2025-05-02
"Savanna",5,123,21.366737808,2025-05-03,21.1052079919167,21.1001386423244,2025-05-03
"Savanna",5,124,20.8384764065,2025-05-04,21.1407247105167,21.1001386423244,2025-05-04
"Savanna",5,125,21.1016885245,2025-05-05,21.08937706805,21.1001386423244,2025-05-05
"Savanna",5,126,20.9700307955,2025-05-06,21.0732798992,21.1001386423244,2025-05-06
"Savanna",5,127,20.8762163335,2025-05-07,21.0858411127,21.1001386423244,2025-05-07
"Savanna",5,128,21.036107687,2025-05-08,21.07983490285,21.1001386423244,2025-05-08
"Savanna",5,129,21.196979115,2025-05-09,21.10428324015,21.1001386423244,2025-05-09
"Savanna",5,130,21.073334402,2025-05-10,21.1182041833,21.1001386423244,2025-05-10
"Savanna",5,131,20.9953851815,2025-05-11,21.14826758275,21.1001386423244,2025-05-11
"Savanna",5,132,21.4034548735,2025-05-12,21.21801356745,21.1001386423244,2025-05-12
"Savanna",5,133,21.3066757095,2025-05-13,21.26162875275,21.1001386423244,2025-05-13
"Savanna",5,134,21.0829597795,2025-05-14,21.26267340835,21.1001386423244,2025-05-14
"Savanna",5,135,21.240897956,2025-05-15,21.2764080574,21.1001386423244,2025-05-15
"Savanna",5,136,21.27066479,2025-05-16,21.30254774015,21.1001386423244,2025-05-16
"Savanna",5,137,21.5736761805,2025-05-17,21.27563519135,21.1001386423244,2025-05-17
"Savanna",5,138,21.47225954,2025-05-18,21.24522981535,21.1001386423244,2025-05-18
"Savanna",5,139,21.207425671,2025-05-19,21.2506785465,21.1001386423244,2025-05-19
"Savanna",5,140,21.2106808925,2025-05-20,21.2678559932,21.1001386423244,2025-05-20
"Savanna",5,141,21.256782009,2025-05-21,21.21215406315,21.1001386423244,2025-05-21
"Savanna",5,142,21.1343293855,2025-05-22,21.13689252865,21.1001386423244,2025-05-22
"Savanna",5,143,21.0026219495,2025-05-23,21.06151361945,21.1001386423244,2025-05-23
"Savanna",5,144,21.137447091,2025-05-24,21.01190580145,21.1001386423244,2025-05-24
"Savanna",5,145,21.412672423,2025-05-25,20.9594539162,21.1001386423244,2025-05-25
"Savanna",5,146,20.7136454895,2025-05-26,20.9189664648556,21.1001386423244,2025-05-26
"Savanna",5,147,20.8210608355,2025-05-27,20.9072539429556,21.1001386423244,2025-05-27
"Savanna",5,148,20.718470448,2025-05-28,20.8884098555056,21.1001386423244,2025-05-28
"Savanna",5,149,20.711347491,2025-05-29,20.8400772340056,21.1001386423244,2025-05-29
"Savanna",5,150,20.68616204,2025-05-30,20.7384247292556,21.1001386423244,2025-05-30
"Savanna",5,151,20.8519074955556,2025-05-31,20.7241445903056,21.1001386423244,2025-05-31
"Savanna",6,152,21.0172041665,2025-06-01,20.7024036513556,19.8883262539852,2025-06-01
"Savanna",6,153,20.814181075,2025-06-02,20.6902276277556,19.8883262539852,2025-06-02
"Savanna",6,154,20.654120876,2025-06-03,20.6572731420056,19.8883262539852,2025-06-03
"Savanna",6,155,20.3961473755,2025-06-04,20.6433415415056,19.8883262539852,2025-06-04
"Savanna",6,156,20.5708441,2025-06-05,20.5965538741,19.8883262539852,2025-06-05
"Savanna",6,157,20.603651446,2025-06-06,20.5321808337,19.8883262539852,2025-06-06
"Savanna",6,158,20.596710212,2025-06-07,20.4567048566,19.8883262539852,2025-06-07
"Savanna",6,159,20.3818026335,2025-06-08,20.393298693,19.8883262539852,2025-06-08
"Savanna",6,160,20.546846035,2025-06-09,20.34735722875,19.8883262539852,2025-06-09
"Savanna",6,161,20.3840308215,2025-06-10,20.24266578155,19.8883262539852,2025-06-10
"Savanna",6,162,20.3734737625,2025-06-11,20.17720252575,19.8883262539852,2025-06-11
"Savanna",6,163,20.059421304,2025-06-12,20.044763237,19.8883262539852,2025-06-12
"Savanna",6,164,20.02005924,2025-06-13,19.9549132922056,19.8883262539852,2025-06-13
"Savanna",6,165,19.936732733,2025-06-14,19.8697107971056,19.8883262539852,2025-06-14
"Savanna",6,166,19.523929628,2025-06-15,19.8001437089556,19.8883262539852,2025-06-15
"Savanna",6,167,19.949018888,2025-06-16,19.6930467488556,19.8883262539852,2025-06-16
"Savanna",6,168,19.2723173245,2025-06-17,19.6318691007056,19.8883262539852,2025-06-17
"Savanna",6,169,19.4833031855556,2025-06-18,19.5613879898556,19.8883262539852,2025-06-18
"Savanna",6,170,19.694821084,2025-06-19,19.5142132577556,19.8883262539852,2025-06-19
"Savanna",6,171,19.68835994,2025-06-20,19.4965840145556,19.8883262539852,2025-06-20
"Savanna",6,172,19.3025041615,2025-06-21,19.4357087076056,19.8883262539852,2025-06-21
"Savanna",6,173,19.4476448225,2025-06-22,19.4559852690056,19.8883262539852,2025-06-22
"Savanna",6,174,19.3152481315,2025-06-23,19.4180198246,19.8883262539852,2025-06-23
"Savanna",6,175,19.464985412,2025-06-24,19.3156862554667,19.8883262539852,2025-06-24
"Savanna",6,176,19.347637196,2025-06-25,19.2682811789,19.8883262539852,2025-06-25
"Savanna",6,177,19.3402658185,2025-06-26,19.2610273702333,19.8883262539852,2025-06-26
"Savanna",6,178,19.4750829385,2025-06-27,19.2291045236167,19.8883262539852,2025-06-27
"Savanna",6,179,19.1036487415,2025-06-28,19.1829316354333,19.8883262539852,2025-06-28
"Savanna",6,180,18.6714853926667,2025-06-29,19.1402103967167,19.8883262539852,2025-06-29
"Savanna",6,181,19.2143091743333,2025-06-30,19.0852847823288,19.8883262539852,2025-06-30
"Savanna",7,182,19.2299660748333,2025-07-01,19.0251071249939,18.5302275180704,2025-07-01
"Savanna",7,183,19.1284163563333,2025-07-02,18.9808832320379,18.5302275180704,2025-07-02
"Savanna",7,184,18.8535192496667,2025-07-03,18.9598828784333,18.5302275180704,2025-07-03
"Savanna",7,185,19.0377730248333,2025-07-04,18.9563993098485,18.5302275180704,2025-07-04
"Savanna",7,186,18.7983810521212,2025-07-05,18.9130877618848,18.5302275180704,2025-07-05
"Savanna",7,187,18.7384892451515,2025-07-06,18.8517814811439,18.5302275180704,2025-07-06
"Savanna",7,188,19.0328440089394,2025-07-07,18.8299908168742,18.5302275180704,2025-07-07
"Savanna",7,189,18.8936452054545,2025-07-08,18.8491178934682,18.5302275180704,2025-07-08
"Savanna",7,190,18.6366497068182,2025-07-09,18.8303450585152,18.5302275180704,2025-07-09
"Savanna",7,191,18.781193694697,2025-07-10,18.8548464699394,18.5302275180704,2025-07-10
"Savanna",7,192,18.6169032674242,2025-07-11,18.8542491422424,18.5302275180704,2025-07-11
"Savanna",7,193,18.9105097136364,2025-07-12,18.8192425105303,18.5302275180704,2025-07-12
"Savanna",7,194,19.0447900156061,2025-07-13,18.7794371483485,18.5302275180704,2025-07-13
"Savanna",7,195,18.850044675303,2025-07-14,18.7849933215152,18.5302275180704,2025-07-14
"Savanna",7,196,19.0433951663636,2025-07-15,18.7577214084394,18.5302275180704,2025-07-15
"Savanna",7,197,18.7325159681818,2025-07-16,18.7501677818182,18.5302275180704,2025-07-16
"Savanna",7,198,18.6827776918182,2025-07-17,18.7208256712121,18.5302275180704,2025-07-17
"Savanna",7,199,18.4955915836364,2025-07-18,18.6561557308636,18.5302275180704,2025-07-18
"Savanna",7,200,18.6922114384849,2025-07-19,18.5907192607,18.5302275180704,2025-07-19
"Savanna",7,201,18.5084745639394,2025-07-20,18.476634094797,18.5302275180704,2025-07-20
"Savanna",7,202,18.5413670012121,2025-07-21,18.3483332865621,18.5302275180704,2025-07-21
"Savanna",7,203,18.6170886075758,2025-07-22,18.2402745570636,18.5302275180704,2025-07-22
"Savanna",7,204,18.3980906121212,2025-07-23,18.1277376339667,18.5302275180704,2025-07-23
"Savanna",7,205,18.1956799736667,2025-07-24,18.0220086446182,18.5302275180704,2025-07-24
"Savanna",7,206,17.9025435073333,2025-07-25,17.9638218696788,18.5302275180704,2025-07-25
"Savanna",7,207,17.4495078858333,2025-07-26,17.9187594355727,18.5302275180704,2025-07-26
"Savanna",7,208,17.6021903968333,2025-07-27,17.8361646737091,18.5302275180704,2025-07-27
"Savanna",7,209,17.3702223526667,2025-07-28,17.7936868392394,18.5302275180704,2025-07-28
"Savanna",7,210,17.634921545,2025-07-29,17.8056765165394,18.5302275180704,2025-07-29
"Savanna",7,211,17.9266068145455,2025-07-30,17.8544143545394,18.5302275180704,2025-07-30
"Savanna",7,212,18.0907426601515,2025-07-31,17.9584094883227,18.5302275180704,2025-07-31
"Savanna",8,213,17.7911409889394,2025-08-01,18.0129086040227,18.4347963014675,2025-08-01
"Savanna",8,214,17.9733122674242,2025-08-02,18.0888364954894,18.4347963014675,2025-08-02
"Savanna",8,215,18.3155767466667,2025-08-03,18.1391015581061,18.4347963014675,2025-08-03
"Savanna",8,216,18.3899218873333,2025-08-04,18.1965586663515,18.4347963014675,2025-08-04
"Savanna",8,217,18.4894592236667,2025-08-05,18.241895193753,18.4347963014675,2025-08-05
"Savanna",8,218,18.1471815538333,2025-08-06,18.3193788330758,18.4347963014675,2025-08-06
"Savanna",8,219,18.1295012673333,2025-08-07,18.3408712864,18.4347963014675,2025-08-07
"Savanna",8,220,18.1375721711667,2025-08-08,18.2944822008167,18.4347963014675,2025-08-08
"Savanna",8,221,18.501177897,2025-08-09,18.2745473247,18.4347963014675,2025-08-09
"Savanna",8,222,18.5441079341667,2025-08-10,18.2603481664333,18.4347963014675,2025-08-10
"Savanna",8,223,18.5659773821667,2025-08-11,18.2774387173833,18.4347963014675,2025-08-11
"Savanna",8,224,18.1882368006667,2025-08-12,18.2886926166167,18.4347963014675,2025-08-12
"Savanna",8,225,17.8516858908333,2025-08-13,18.31843574935,18.4347963014675,2025-08-13
"Savanna",8,226,18.1905731261667,2025-08-14,18.3082579339333,18.4347963014675,2025-08-14
"Savanna",8,227,18.347467641,2025-08-15,18.2936666123333,18.4347963014675,2025-08-15
"Savanna",8,228,18.3180870633333,2025-08-16,18.3116115207463,18.4347963014675,2025-08-16
"Savanna",8,229,18.2420402596667,2025-08-17,18.3458607722796,18.4347963014675,2025-08-17
"Savanna",8,230,18.4350034985,2025-08-18,18.4180288713463,18.4347963014675,2025-08-18
"Savanna",8,231,18.3993997428333,2025-08-19,18.5155319664463,18.4347963014675,2025-08-19
"Savanna",8,232,18.3981947181667,2025-08-20,18.5668401660296,18.4347963014675,2025-08-20
"Savanna",8,233,18.7454264662963,2025-08-21,18.5798872571463,18.4347963014675,2025-08-21
"Savanna",8,234,18.530729316,2025-08-22,18.6371705178796,18.4347963014675,2025-08-22
"Savanna",8,235,18.5733668815,2025-08-23,18.6726275816296,18.4347963014675,2025-08-23
"Savanna",8,236,19.1656040771667,2025-08-24,18.6916381006963,18.4347963014675,2025-08-24
"Savanna",8,237,18.8605496368333,2025-08-25,18.734621987813,18.4347963014675,2025-08-25
"Savanna",8,238,18.4485579745,2025-08-26,18.7377640818333,18.4347963014675,2025-08-26
"Savanna",8,239,18.814872867,2025-08-27,18.7434312285333,18.4347963014675,2025-08-27
"Savanna",8,240,18.789574136,2025-08-28,18.7526669025833,18.4347963014675,2025-08-28
"Savanna",8,241,18.5895049335,2025-08-29,18.7126040322556,18.4347963014675,2025-08-29
"Savanna",8,242,18.8280335893333,2025-08-30,18.7464065193722,18.4347963014675,2025-08-30
"Savanna",8,243,18.7768474065,2025-08-31,18.7924159338722,18.4347963014675,2025-08-31
"Savanna",9,244,18.587400783,2025-09-01,18.8190380689722,19.5007955434278,2025-09-01
"Savanna",9,245,18.665723622,2025-09-02,18.8471958362722,19.5007955434278,2025-09-02
"Savanna",9,246,18.7649753738889,2025-09-03,18.8962235526722,19.5007955434278,2025-09-03
"Savanna",9,247,19.198574508,2025-09-04,18.9491997309889,19.5007955434278,2025-09-04
"Savanna",9,248,18.9086521195,2025-09-05,18.9847438930889,19.5007955434278,2025-09-05
"Savanna",9,249,19.081094218,2025-09-06,19.0536084846889,19.5007955434278,2025-09-06
"Savanna",9,250,19.071151809,2025-09-07,19.1624632240389,19.5007955434278,2025-09-07
"Savanna",9,251,19.0797820975,2025-09-08,19.23276749895,19.5007955434278,2025-09-08
"Savanna",9,252,19.3577953725,2025-09-09,19.2247272999,19.5007955434278,2025-09-09
"Savanna",9,253,19.1322890275,2025-09-10,19.2835449165,19.5007955434278,2025-09-10
"Savanna",9,254,19.276046699,2025-09-11,19.3479502898,19.5007955434278,2025-09-11
"Savanna",9,255,19.7542710155,2025-09-12,19.4265698777,19.5007955434278,2025-09-12
"Savanna",9,256,19.468018123,2025-09-13,19.50264152305,19.5007955434278,2025-09-13
"Savanna",9,257,19.1181725175,2025-09-14,19.55706313055,19.5007955434278,2025-09-14
"Savanna",9,258,19.4968282855,2025-09-15,19.62127493275,19.5007955434278,2025-09-15
"Savanna",9,259,19.725147951,2025-09-16,19.6784121199,19.5007955434278,2025-09-16
"Savanna",9,260,19.857347688,2025-09-17,19.68654154295,19.5007955434278,2025-09-17
"Savanna",9,261,19.840498551,2025-09-18,19.742181362,19.5007955434278,2025-09-18
"Savanna",9,262,19.9020114475,2025-09-19,19.7900306231944,19.5007955434278,2025-09-19
"Savanna",9,263,19.7744070495,2025-09-20,19.7956320030333,19.5007955434278,2025-09-20
"Savanna",9,264,19.8474185705,2025-09-21,19.8022279404333,19.5007955434278,2025-09-21
"Savanna",9,265,19.835565246,2025-09-22,19.7771819120778,19.5007955434278,2025-09-22
"Savanna",9,266,20.0244163135,2025-09-23,19.7843117357,19.5007955434278,2025-09-23
"Savanna",9,267,19.5966651294444,2025-09-24,19.84880850945,19.5007955434278,2025-09-24
"Savanna",9,268,19.5528420838889,2025-09-25,19.8963678044444,19.5007955434278,2025-09-25
"Savanna",9,269,19.791107325,2025-09-26,19.9398640833944,19.5007955434278,2025-09-26
"Savanna",9,270,19.6068874044444,2025-09-27,19.9716750392389,19.5007955434278,2025-09-27
"Savanna",9,271,19.9117967872222,2025-09-28,20.0171470716111,19.5007955434278,2025-09-28
"Savanna",9,272,20.546979185,2025-09-29,20.0809033770556,19.5007955434278,2025-09-29
"Savanna",9,273,20.2499999994444,2025-09-30,20.1665401292222,19.5007955434278,2025-09-30
"Savanna",NA,366,20.225076165,NA,20.8760158499583,20.225076165,NA
