DateTime,%leafs,%flowers,%fruits,Days_since_start,Period,Day_of_Period,%leaves_roll2D,%flowers_roll2D,%fruits_roll2D
2023-06-08 10:00:00,75.0,0.0,0.0,0.0,0,0.0,75.0,0.0,0.0
2023-06-09 10:00:00,75.0,0.0,0.0,1.0,0,1.0,75.0,0.0,0.0
2023-06-10 10:00:00,75.0,0.0,0.0,2.0,0,2.0,75.0,0.0,0.0
2023-06-11 10:00:00,75.0,0.0,0.0,3.0,0,3.0,75.0,0.0,0.0
2023-06-12 10:00:00,75.0,0.0,0.0,4.0,0,4.0,75.0,0.0,0.0
2023-06-13 10:00:00,75.0,0.0,0.0,5.0,0,5.0,75.0,0.0,0.0
2023-06-14 10:00:00,75.0,0.0,0.0,6.0,0,6.0,75.0,0.0,0.0
2023-06-15 10:00:00,75.0,0.0,0.0,7.0,0,7.0,75.0,0.0,0.0
2023-06-16 10:00:00,75.0,0.0,0.0,8.0,0,8.0,75.0,0.0,0.0
2023-06-17 10:00:00,75.0,0.0,0.0,9.0,0,9.0,75.0,0.0,0.0
2023-06-18 10:00:00,75.0,0.0,0.0,10.0,0,10.0,75.0,0.0,0.0
2023-06-19 10:00:00,75.0,0.0,0.0,11.0,0,11.0,75.0,0.0,0.0
2023-06-20 10:00:00,75.0,0.0,0.0,12.0,0,12.0,75.0,0.0,0.0
2023-06-21 10:00:00,75.0,0.0,0.0,13.0,0,13.0,75.0,0.0,0.0
2023-06-22 10:00:00,75.0,0.0,0.0,14.0,0,14.0,75.0,0.0,0.0
2023-06-23 10:00:00,75.0,0.0,0.0,15.0,0,15.0,75.0,0.0,0.0
2023-06-24 10:00:00,75.0,0.0,0.0,16.0,0,16.0,75.0,0.0,0.0
2023-06-25 10:00:00,75.0,0.0,0.0,17.0,0,17.0,75.0,0.0,0.0
2023-06-26 10:00:00,75.0,0.0,0.0,18.0,0,18.0,75.0,0.0,0.0
2023-06-27 10:00:00,75.0,0.0,0.0,19.0,0,19.0,75.0,0.0,0.0
2023-06-28 10:00:00,75.0,0.0,0.0,20.0,0,20.0,75.0,0.0,0.0
2023-06-29 10:00:00,75.0,0.0,0.0,21.0,0,21.0,75.0,0.0,0.0
2023-06-30 10:00:00,75.0,0.0,0.0,22.0,0,22.0,75.0,0.0,0.0
2023-07-01 10:00:00,75.0,0.0,0.0,23.0,0,23.0,75.0,0.0,0.0
2023-07-02 10:00:00,75.0,0.0,0.0,24.0,0,24.0,75.0,0.0,0.0
2023-07-03 10:00:00,75.0,0.0,0.0,25.0,0,25.0,75.0,0.0,0.0
2023-07-04 10:00:00,75.0,0.0,0.0,26.0,0,26.0,75.0,0.0,0.0
2023-07-05 10:00:00,75.0,0.0,0.0,27.0,0,27.0,75.0,0.0,0.0
2023-07-06 10:00:00,75.0,0.0,0.0,28.0,0,28.0,75.0,0.0,0.0
2023-07-07 10:00:00,75.0,0.0,0.0,29.0,0,29.0,75.0,0.0,0.0
2023-07-08 10:00:00,75.0,0.0,0.0,30.0,0,30.0,75.0,0.0,0.0
2023-07-09 10:00:00,75.0,0.0,0.0,31.0,0,31.0,75.0,0.0,0.0
2023-07-10 10:00:00,75.0,0.0,0.0,32.0,0,32.0,75.0,0.0,0.0
2023-07-11 10:00:00,75.0,0.0,0.0,33.0,0,33.0,75.0,0.0,0.0
2023-07-12 10:00:00,75.0,0.0,0.0,34.0,0,34.0,75.0,0.0,0.0
2023-07-13 10:00:00,75.0,0.0,0.0,35.0,0,35.0,75.0,0.0,0.0
2023-07-14 10:00:00,75.0,0.0,0.0,36.0,0,36.0,75.0,0.0,0.0
2023-07-15 10:00:00,75.0,0.0,0.0,37.0,0,37.0,75.0,0.0,0.0
2023-07-16 10:00:00,75.0,0.0,0.0,38.0,0,38.0,75.0,0.0,0.0
2023-07-17 10:00:00,75.0,0.0,0.0,39.0,0,39.0,75.0,0.0,0.0
2023-07-18 10:00:00,75.0,0.0,0.0,40.0,0,40.0,75.0,0.0,0.0
2023-07-19 10:00:00,75.0,0.0,0.0,41.0,0,41.0,75.0,0.0,0.0
2023-07-20 10:00:00,75.0,0.0,0.0,42.0,0,42.0,75.0,0.0,0.0
2023-07-21 10:00:00,75.0,0.0,0.0,43.0,0,43.0,75.0,0.0,0.0
2023-07-22 10:00:00,75.0,0.0,0.0,44.0,0,44.0,75.0,0.0,0.0
2023-07-23 10:00:00,75.0,0.0,0.0,45.0,0,45.0,75.0,0.0,0.0
2023-07-24 10:00:00,75.0,0.0,0.0,46.0,0,46.0,75.0,0.0,0.0
2023-07-25 10:00:00,75.0,0.0,0.0,47.0,0,47.0,75.0,0.0,0.0
2023-07-26 10:00:00,75.0,0.0,0.0,48.0,0,48.0,75.0,0.0,0.0
2023-07-27 10:00:00,75.0,0.0,0.0,49.0,0,49.0,75.0,0.0,0.0
2023-07-28 10:00:00,75.0,0.0,0.0,50.0,0,50.0,75.0,0.0,0.0
2023-07-29 10:00:00,75.0,0.0,0.0,51.0,0,51.0,75.0,0.0,0.0
2023-07-30 10:00:00,50.0,0.0,0.0,52.0,0,52.0,62.5,0.0,0.0
2023-07-31 10:00:00,50.0,0.0,0.0,53.0,0,53.0,50.0,0.0,0.0
2023-08-01 10:00:00,50.0,0.0,0.0,54.0,0,54.0,50.0,0.0,0.0
2023-08-02 10:00:00,50.0,0.0,0.0,55.0,0,55.0,50.0,0.0,0.0
2023-08-03 10:00:00,50.0,0.0,0.0,56.0,0,56.0,50.0,0.0,0.0
2023-08-04 10:00:00,50.0,0.0,0.0,57.0,0,57.0,50.0,0.0,0.0
2023-08-05 10:00:00,50.0,0.0,0.0,58.0,0,58.0,50.0,0.0,0.0
2023-08-06 10:00:00,50.0,0.0,0.0,59.0,0,59.0,50.0,0.0,0.0
2023-08-07 10:00:00,50.0,0.0,0.0,60.0,0,60.0,50.0,0.0,0.0
2023-08-08 10:00:00,50.0,0.0,0.0,61.0,0,61.0,50.0,0.0,0.0
2023-08-09 10:00:00,50.0,0.0,0.0,62.0,0,62.0,50.0,0.0,0.0
2023-08-10 10:00:00,50.0,0.0,0.0,63.0,0,63.0,50.0,0.0,0.0
2023-08-11 10:00:00,50.0,0.0,0.0,64.0,0,64.0,50.0,0.0,0.0
2023-08-12 10:00:00,,,,65.0,0,65.0,50.0,0.0,0.0
2023-08-13 10:00:00,,,,66.0,0,66.0,,,
2023-08-14 10:00:00,,,,67.0,0,67.0,,,
2023-08-15 10:00:00,,,,68.0,0,68.0,,,
2023-08-16 10:00:00,,,,69.0,0,69.0,,,
2023-08-17 10:00:00,,,,70.0,0,70.0,,,
2023-08-18 10:00:00,,,,71.0,0,71.0,,,
2023-08-19 10:00:00,,,,72.0,0,72.0,,,
2023-08-20 10:00:00,,,,73.0,0,73.0,,,
2023-08-21 10:00:00,,,,74.0,0,74.0,,,
2023-08-22 10:00:00,,,,75.0,0,75.0,,,
2023-08-23 10:00:00,,,,76.0,0,76.0,,,
2023-08-24 10:00:00,,,,77.0,0,77.0,,,
2023-08-25 10:00:00,,,,78.0,0,78.0,,,
2023-08-26 10:00:00,,,,79.0,0,79.0,,,
2023-08-27 10:00:00,,,,80.0,0,80.0,,,
2023-08-28 10:00:00,,,,81.0,0,81.0,,,
2023-08-29 10:00:00,,,,82.0,0,82.0,,,
2023-08-30 10:00:00,,,,83.0,0,83.0,,,
2023-08-31 10:00:00,,,,84.0,0,84.0,,,
2023-09-01 10:00:00,,,,85.0,0,85.0,,,
2023-09-02 10:00:00,,,,86.0,0,86.0,,,
2023-09-03 10:00:00,,,,87.0,0,87.0,,,
2023-09-04 10:00:00,,,,88.0,0,88.0,,,
2023-09-05 10:00:00,,,,89.0,0,89.0,,,
2023-09-06 10:00:00,,,,90.0,0,90.0,,,
2023-09-07 10:00:00,,,,91.0,0,91.0,,,
2023-09-08 10:00:00,,,,92.0,0,92.0,,,
2023-09-09 10:00:00,,,,93.0,0,93.0,,,
2023-09-10 10:00:00,,,,94.0,0,94.0,,,
2023-09-11 10:00:00,,,,95.0,0,95.0,,,
2023-09-12 10:00:00,,,,96.0,0,96.0,,,
2023-09-13 10:00:00,,,,97.0,0,97.0,,,
2023-09-14 10:00:00,,,,98.0,0,98.0,,,
2023-09-15 10:00:00,,,,99.0,0,99.0,,,
2023-09-16 10:00:00,,,,100.0,0,100.0,,,
2023-09-17 10:00:00,,,,101.0,0,101.0,,,
2023-09-18 10:00:00,,,,102.0,0,102.0,,,
2023-09-19 10:00:00,,,,103.0,0,103.0,,,
2023-09-20 10:00:00,,,,104.0,0,104.0,,,
2023-09-21 10:00:00,,,,105.0,0,105.0,,,
2023-09-22 10:00:00,,,,106.0,0,106.0,,,
2023-09-23 10:00:00,,,,107.0,0,107.0,,,
2023-09-24 10:00:00,,,,108.0,0,108.0,,,
2023-09-25 10:00:00,,,,109.0,0,109.0,,,
2023-09-26 10:00:00,,,,110.0,0,110.0,,,
2023-09-27 10:00:00,,,,111.0,0,111.0,,,
2023-09-28 10:00:00,,,,112.0,0,112.0,,,
2023-09-29 10:00:00,,,,113.0,0,113.0,,,
2023-09-30 10:00:00,,,,114.0,0,114.0,,,
2023-10-01 10:00:00,,,,115.0,0,115.0,,,
2023-10-02 10:00:00,,,,116.0,0,116.0,,,
2023-10-03 10:00:00,,,,117.0,0,117.0,,,
2023-10-04 10:00:00,,,,118.0,0,118.0,,,
2023-10-05 10:00:00,,,,119.0,0,119.0,,,
2023-10-06 10:00:00,,,,120.0,0,120.0,,,
2023-10-07 10:00:00,,,,121.0,0,121.0,,,
2023-10-08 10:00:00,,,,122.0,0,122.0,,,
2023-10-09 10:00:00,,,,123.0,0,123.0,,,
2023-10-10 10:00:00,,,,124.0,0,124.0,,,
2023-10-11 10:00:00,,,,125.0,0,125.0,,,
2023-10-12 10:00:00,,,,126.0,0,126.0,,,
2023-10-13 10:00:00,,,,127.0,0,127.0,,,
2023-10-14 10:00:00,,,,128.0,0,128.0,,,
2023-10-15 10:00:00,,,,129.0,0,129.0,,,
2023-10-16 10:00:00,,,,130.0,0,130.0,,,
2023-10-17 10:00:00,,,,131.0,0,131.0,,,
2023-10-18 10:00:00,,,,132.0,0,132.0,,,
2023-10-19 10:00:00,,,,133.0,0,133.0,,,
2023-10-20 10:00:00,,,,134.0,0,134.0,,,
2023-10-21 10:00:00,,,,135.0,0,135.0,,,
2023-10-22 10:00:00,,,,136.0,0,136.0,,,
2023-10-23 10:00:00,,,,137.0,0,137.0,,,
2023-10-24 10:00:00,,,,138.0,0,138.0,,,
2023-10-25 10:00:00,,,,139.0,0,139.0,,,
2023-10-26 10:00:00,,,,140.0,0,140.0,,,
2023-10-27 10:00:00,,,,141.0,0,141.0,,,
2023-10-28 10:00:00,,,,142.0,0,142.0,,,
2023-10-29 10:00:00,,,,143.0,0,143.0,,,
2023-10-30 10:00:00,,,,144.0,0,144.0,,,
2023-10-31 10:00:00,,,,145.0,0,145.0,,,
2023-11-01 10:00:00,,,,146.0,0,146.0,,,
2023-11-02 10:00:00,,,,147.0,0,147.0,,,
2023-11-03 10:00:00,,,,148.0,0,148.0,,,
2023-11-04 10:00:00,,,,149.0,0,149.0,,,
2023-11-05 10:00:00,,,,150.0,0,150.0,,,
2023-11-06 10:00:00,,,,151.0,0,151.0,,,
2023-11-07 10:00:00,,,,152.0,0,152.0,,,
2023-11-08 10:00:00,,,,153.0,0,153.0,,,
2023-11-09 10:00:00,,,,154.0,0,154.0,,,
2023-11-10 10:00:00,,,,155.0,0,155.0,,,
2023-11-11 10:00:00,,,,156.0,0,156.0,,,
2023-11-12 10:00:00,,,,157.0,0,157.0,,,
2023-11-13 10:00:00,,,,158.0,0,158.0,,,
2023-11-14 10:00:00,,,,159.0,0,159.0,,,
2023-11-15 10:00:00,,,,160.0,0,160.0,,,
2023-11-16 10:00:00,,,,161.0,0,161.0,,,
2023-11-17 10:00:00,,,,162.0,0,162.0,,,
2023-11-18 10:00:00,,,,163.0,0,163.0,,,
2023-11-19 10:00:00,,,,164.0,0,164.0,,,
2023-11-20 10:00:00,,,,165.0,0,165.0,,,
2023-11-21 10:00:00,,,,166.0,0,166.0,,,
2023-11-22 10:00:00,,,,167.0,0,167.0,,,
2023-11-23 10:00:00,,,,168.0,0,168.0,,,
2023-11-24 10:00:00,,,,169.0,0,169.0,,,
2023-11-25 10:00:00,,,,170.0,0,170.0,,,
2023-11-26 10:00:00,,,,171.0,0,171.0,,,
2023-11-27 10:00:00,,,,172.0,0,172.0,,,
2023-11-28 10:00:00,,,,173.0,0,173.0,,,
2023-11-29 10:00:00,,,,174.0,0,174.0,,,
2023-11-30 10:00:00,,,,175.0,0,175.0,,,
2023-12-01 10:00:00,,,,176.0,0,176.0,,,
2023-12-02 10:00:00,,,,177.0,0,177.0,,,
2023-12-03 10:00:00,,,,178.0,0,178.0,,,
2023-12-04 10:00:00,,,,179.0,0,179.0,,,
2023-12-05 10:00:00,,,,180.0,0,180.0,,,
2023-12-06 10:00:00,,,,181.0,0,181.0,,,
2023-12-07 10:00:00,,,,182.0,0,182.0,,,
2023-12-08 10:00:00,,,,183.0,0,183.0,,,
2023-12-09 10:00:00,,,,184.0,0,184.0,,,
2023-12-10 10:00:00,,,,185.0,0,185.0,,,
2023-12-11 10:00:00,,,,186.0,0,186.0,,,
2023-12-12 10:00:00,,,,187.0,0,187.0,,,
2023-12-13 10:00:00,,,,188.0,0,188.0,,,
2023-12-14 10:00:00,,,,189.0,0,189.0,,,
2023-12-15 10:00:00,,,,190.0,0,190.0,,,
2023-12-16 10:00:00,,,,191.0,0,191.0,,,
2023-12-17 10:00:00,,,,192.0,0,192.0,,,
2023-12-18 10:00:00,,,,193.0,0,193.0,,,
2023-12-19 10:00:00,,,,194.0,0,194.0,,,
2023-12-20 10:00:00,,,,195.0,0,195.0,,,
2023-12-21 10:00:00,,,,196.0,0,196.0,,,
2023-12-22 10:00:00,,,,197.0,0,197.0,,,
2023-12-23 10:00:00,,,,198.0,0,198.0,,,
2023-12-24 10:00:00,,,,199.0,0,199.0,,,
2023-12-25 10:00:00,,,,200.0,0,200.0,,,
2023-12-26 10:00:00,,,,201.0,0,201.0,,,
2023-12-27 10:00:00,,,,202.0,0,202.0,,,
2023-12-28 10:00:00,,,,203.0,0,203.0,,,
2023-12-29 10:00:00,,,,204.0,0,204.0,,,
2023-12-30 10:00:00,,,,205.0,0,205.0,,,
2023-12-31 10:00:00,,,,206.0,0,206.0,,,
2024-01-01 10:00:00,,,,207.0,0,207.0,,,
2024-01-02 10:00:00,,,,208.0,0,208.0,,,
2024-01-03 10:00:00,,,,209.0,0,209.0,,,
2024-01-04 10:00:00,,,,210.0,0,210.0,,,
2024-01-05 10:00:00,,,,211.0,0,211.0,,,
2024-01-06 10:00:00,,,,212.0,0,212.0,,,
2024-01-07 10:00:00,,,,213.0,0,213.0,,,
2024-01-08 10:00:00,,,,214.0,0,214.0,,,
2024-01-09 10:00:00,,,,215.0,0,215.0,,,
2024-01-10 10:00:00,,,,216.0,0,216.0,,,
2024-01-11 10:00:00,,,,217.0,0,217.0,,,
2024-01-12 10:00:00,,,,218.0,0,218.0,,,
2024-01-13 10:00:00,,,,219.0,0,219.0,,,
2024-01-14 10:00:00,,,,220.0,0,220.0,,,
2024-01-15 10:00:00,,,,221.0,0,221.0,,,
2024-01-16 10:00:00,,,,222.0,0,222.0,,,
2024-01-17 10:00:00,,,,223.0,0,223.0,,,
2024-01-18 10:00:00,,,,224.0,0,224.0,,,
2024-01-19 10:00:00,,,,225.0,0,225.0,,,
2024-01-20 10:00:00,,,,226.0,0,226.0,,,
2024-01-21 10:00:00,,,,227.0,0,227.0,,,
2024-01-22 10:00:00,,,,228.0,0,228.0,,,
2024-01-23 10:00:00,,,,229.0,0,229.0,,,
2024-01-24 10:00:00,,,,230.0,0,230.0,,,
2024-01-25 10:00:00,,,,231.0,0,231.0,,,
2024-01-26 10:00:00,,,,232.0,0,232.0,,,
2024-01-27 10:00:00,,,,233.0,0,233.0,,,
2024-01-28 10:00:00,,,,234.0,0,234.0,,,
2024-01-29 10:00:00,,,,235.0,0,235.0,,,
2024-01-30 10:00:00,,,,236.0,0,236.0,,,
2024-01-31 10:00:00,,,,237.0,0,237.0,,,
2024-02-01 10:00:00,,,,238.0,0,238.0,,,
2024-02-02 10:00:00,,,,239.0,0,239.0,,,
2024-02-03 10:00:00,,,,240.0,0,240.0,,,
2024-02-04 10:00:00,,,,241.0,0,241.0,,,
2024-02-05 10:00:00,,,,242.0,0,242.0,,,
2024-02-06 10:00:00,,,,243.0,0,243.0,,,
2024-02-07 10:00:00,,,,244.0,0,244.0,,,
2024-02-08 10:00:00,,,,245.0,0,245.0,,,
2024-02-09 10:00:00,,,,246.0,0,246.0,,,
2024-02-10 10:00:00,,,,247.0,0,247.0,,,
2024-02-11 10:00:00,,,,248.0,0,248.0,,,
2024-02-12 10:00:00,,,,249.0,0,249.0,,,
2024-02-13 10:00:00,,,,250.0,0,250.0,,,
2024-02-14 10:00:00,,,,251.0,0,251.0,,,
2024-02-15 10:00:00,,,,252.0,0,252.0,,,
2024-02-16 10:00:00,,,,253.0,0,253.0,,,
2024-02-17 10:00:00,,,,254.0,0,254.0,,,
2024-02-18 10:00:00,,,,255.0,0,255.0,,,
2024-02-19 10:00:00,,,,256.0,0,256.0,,,
2024-02-20 10:00:00,,,,257.0,0,257.0,,,
2024-02-21 10:00:00,,,,258.0,0,258.0,,,
2024-02-22 10:00:00,,,,259.0,0,259.0,,,
2024-02-23 10:00:00,,,,260.0,0,260.0,,,
2024-02-24 10:00:00,,,,261.0,0,261.0,,,
2024-02-25 10:00:00,,,,262.0,0,262.0,,,
2024-02-26 10:00:00,,,,263.0,0,263.0,,,
2024-02-27 10:00:00,,,,264.0,0,264.0,,,
2024-02-28 10:00:00,,,,265.0,0,265.0,,,
2024-02-29 10:00:00,,,,266.0,0,266.0,,,
2024-03-01 10:00:00,,,,267.0,0,267.0,,,
2024-03-02 10:00:00,,,,268.0,0,268.0,,,
2024-03-03 10:00:00,,,,269.0,0,269.0,,,
2024-03-04 10:00:00,,,,270.0,0,270.0,,,
2024-03-05 10:00:00,,,,271.0,0,271.0,,,
2024-03-06 10:00:00,75.0,0.0,0.0,272.0,0,272.0,75.0,0.0,0.0
2024-03-07 10:00:00,75.0,0.0,0.0,273.0,0,273.0,75.0,0.0,0.0
2024-03-08 10:00:00,75.0,0.0,0.0,274.0,0,274.0,75.0,0.0,0.0
2024-03-09 10:00:00,75.0,0.0,0.0,275.0,0,275.0,75.0,0.0,0.0
2024-03-10 10:00:00,75.0,0.0,0.0,276.0,0,276.0,75.0,0.0,0.0
2024-03-11 10:00:00,75.0,0.0,0.0,277.0,0,277.0,75.0,0.0,0.0
2024-03-12 10:00:00,75.0,0.0,0.0,278.0,0,278.0,75.0,0.0,0.0
2024-03-13 10:00:00,75.0,0.0,0.0,279.0,0,279.0,75.0,0.0,0.0
2024-03-14 10:00:00,75.0,0.0,0.0,280.0,0,280.0,75.0,0.0,0.0
2024-03-15 10:00:00,75.0,0.0,0.0,281.0,0,281.0,75.0,0.0,0.0
2024-03-16 10:00:00,75.0,0.0,0.0,282.0,0,282.0,75.0,0.0,0.0
2024-03-17 10:00:00,75.0,0.0,0.0,283.0,0,283.0,75.0,0.0,0.0
2024-03-18 10:00:00,75.0,0.0,0.0,284.0,0,284.0,75.0,0.0,0.0
2024-03-19 10:00:00,75.0,0.0,0.0,285.0,0,285.0,75.0,0.0,0.0
2024-03-20 10:00:00,75.0,0.0,0.0,286.0,0,286.0,75.0,0.0,0.0
2024-03-21 10:00:00,75.0,0.0,0.0,287.0,0,287.0,75.0,0.0,0.0
2024-03-22 10:00:00,75.0,0.0,0.0,288.0,0,288.0,75.0,0.0,0.0
2024-03-23 10:00:00,75.0,0.0,0.0,289.0,0,289.0,75.0,0.0,0.0
2024-03-24 10:00:00,75.0,0.0,0.0,290.0,0,290.0,75.0,0.0,0.0
2024-03-25 10:00:00,75.0,0.0,0.0,291.0,0,291.0,75.0,0.0,0.0
2024-03-26 10:00:00,75.0,0.0,0.0,292.0,0,292.0,75.0,0.0,0.0
2024-03-27 10:00:00,75.0,0.0,0.0,293.0,0,293.0,75.0,0.0,0.0
2024-03-28 10:00:00,75.0,0.0,0.0,294.0,0,294.0,75.0,0.0,0.0
2024-03-29 10:00:00,75.0,0.0,0.0,295.0,0,295.0,75.0,0.0,0.0
2024-03-30 10:00:00,75.0,0.0,0.0,296.0,0,296.0,75.0,0.0,0.0
2024-03-31 10:00:00,75.0,0.0,0.0,297.0,0,297.0,75.0,0.0,0.0
2024-04-01 10:00:00,75.0,0.0,0.0,298.0,0,298.0,75.0,0.0,0.0
2024-04-02 10:00:00,75.0,0.0,0.0,299.0,0,299.0,75.0,0.0,0.0
2024-04-03 10:00:00,75.0,0.0,0.0,300.0,0,300.0,75.0,0.0,0.0
2024-04-04 10:00:00,75.0,0.0,0.0,301.0,0,301.0,75.0,0.0,0.0
2024-04-05 10:00:00,75.0,0.0,0.0,302.0,0,302.0,75.0,0.0,0.0
2024-04-06 10:00:00,75.0,0.0,0.0,303.0,0,303.0,75.0,0.0,0.0
2024-04-07 10:00:00,75.0,0.0,0.0,304.0,0,304.0,75.0,0.0,0.0
2024-04-08 10:00:00,75.0,0.0,0.0,305.0,0,305.0,75.0,0.0,0.0
2024-04-09 10:00:00,75.0,0.0,0.0,306.0,0,306.0,75.0,0.0,0.0
2024-04-10 10:00:00,75.0,0.0,0.0,307.0,0,307.0,75.0,0.0,0.0
2024-04-11 10:00:00,75.0,0.0,0.0,308.0,0,308.0,75.0,0.0,0.0
2024-04-12 10:00:00,75.0,0.0,0.0,309.0,0,309.0,75.0,0.0,0.0
2024-04-13 10:00:00,75.0,0.0,0.0,310.0,0,310.0,75.0,0.0,0.0
2024-04-14 10:00:00,75.0,0.0,0.0,311.0,0,311.0,75.0,0.0,0.0
2024-04-15 10:00:00,75.0,0.0,0.0,312.0,0,312.0,75.0,0.0,0.0
2024-04-16 10:00:00,75.0,0.0,0.0,313.0,0,313.0,75.0,0.0,0.0
2024-04-17 10:00:00,75.0,0.0,0.0,314.0,0,314.0,75.0,0.0,0.0
2024-04-18 10:00:00,75.0,0.0,0.0,315.0,0,315.0,75.0,0.0,0.0
2024-04-19 10:00:00,75.0,0.0,0.0,316.0,0,316.0,75.0,0.0,0.0
2024-04-20 10:00:00,75.0,0.0,0.0,317.0,0,317.0,75.0,0.0,0.0
2024-04-21 10:00:00,75.0,0.0,0.0,318.0,0,318.0,75.0,0.0,0.0
2024-04-22 10:00:00,75.0,0.0,0.0,319.0,0,319.0,75.0,0.0,0.0
2024-04-23 10:00:00,75.0,0.0,0.0,320.0,0,320.0,75.0,0.0,0.0
2024-04-24 10:00:00,75.0,0.0,0.0,321.0,0,321.0,75.0,0.0,0.0
2024-04-25 10:00:00,75.0,0.0,0.0,322.0,0,322.0,75.0,0.0,0.0
2024-04-26 10:00:00,75.0,0.0,0.0,323.0,0,323.0,75.0,0.0,0.0
2024-04-27 10:00:00,75.0,0.0,0.0,324.0,0,324.0,75.0,0.0,0.0
2024-04-28 10:00:00,75.0,0.0,0.0,325.0,0,325.0,75.0,0.0,0.0
2024-04-29 10:00:00,75.0,0.0,0.0,326.0,0,326.0,75.0,0.0,0.0
2024-04-30 10:00:00,75.0,0.0,0.0,327.0,0,327.0,75.0,0.0,0.0
2024-05-01 10:00:00,75.0,0.0,0.0,328.0,0,328.0,75.0,0.0,0.0
2024-05-02 10:00:00,75.0,0.0,0.0,329.0,0,329.0,75.0,0.0,0.0
2024-05-03 10:00:00,75.0,0.0,0.0,330.0,0,330.0,75.0,0.0,0.0
2024-05-04 10:00:00,75.0,0.0,0.0,331.0,0,331.0,75.0,0.0,0.0
2024-05-05 10:00:00,75.0,0.0,0.0,332.0,0,332.0,75.0,0.0,0.0
2024-05-06 10:00:00,75.0,0.0,0.0,333.0,0,333.0,75.0,0.0,0.0
2024-05-07 10:00:00,75.0,0.0,0.0,334.0,0,334.0,75.0,0.0,0.0
2024-05-08 10:00:00,75.0,0.0,0.0,335.0,0,335.0,75.0,0.0,0.0
2024-05-09 10:00:00,75.0,0.0,0.0,336.0,0,336.0,75.0,0.0,0.0
2024-05-10 10:00:00,75.0,0.0,0.0,337.0,0,337.0,75.0,0.0,0.0
2024-05-11 10:00:00,75.0,0.0,0.0,338.0,0,338.0,75.0,0.0,0.0
2024-05-12 10:00:00,75.0,0.0,0.0,339.0,0,339.0,75.0,0.0,0.0
2024-05-13 10:00:00,75.0,0.0,0.0,340.0,0,340.0,75.0,0.0,0.0
2024-05-14 10:00:00,75.0,0.0,0.0,341.0,0,341.0,75.0,0.0,0.0
2024-05-15 10:00:00,75.0,0.0,0.0,342.0,0,342.0,75.0,0.0,0.0
2024-05-16 10:00:00,75.0,0.0,0.0,343.0,0,343.0,75.0,0.0,0.0
2024-05-17 10:00:00,75.0,0.0,0.0,344.0,0,344.0,75.0,0.0,0.0
2024-05-18 10:00:00,75.0,0.0,0.0,345.0,0,345.0,75.0,0.0,0.0
2024-05-19 10:00:00,75.0,0.0,0.0,346.0,0,346.0,75.0,0.0,0.0
2024-05-20 10:00:00,75.0,0.0,0.0,347.0,0,347.0,75.0,0.0,0.0
2024-05-21 10:00:00,75.0,0.0,0.0,348.0,0,348.0,75.0,0.0,0.0
2024-05-22 10:00:00,75.0,0.0,0.0,349.0,0,349.0,75.0,0.0,0.0
2024-05-23 10:00:00,75.0,0.0,0.0,350.0,0,350.0,75.0,0.0,0.0
2024-05-24 10:00:00,75.0,0.0,0.0,351.0,0,351.0,75.0,0.0,0.0
2024-05-25 10:00:00,75.0,0.0,0.0,352.0,0,352.0,75.0,0.0,0.0
2024-05-26 10:00:00,75.0,0.0,0.0,353.0,0,353.0,75.0,0.0,0.0
2024-05-27 10:00:00,75.0,0.0,0.0,354.0,0,354.0,75.0,0.0,0.0
2024-05-28 10:00:00,75.0,0.0,0.0,355.0,0,355.0,75.0,0.0,0.0
2024-05-29 10:00:00,75.0,0.0,0.0,356.0,0,356.0,75.0,0.0,0.0
2024-05-30 10:00:00,75.0,0.0,0.0,357.0,0,357.0,75.0,0.0,0.0
2024-05-31 10:00:00,75.0,0.0,0.0,358.0,0,358.0,75.0,0.0,0.0
2024-06-01 10:00:00,75.0,0.0,0.0,359.0,0,359.0,75.0,0.0,0.0
2024-06-02 10:00:00,75.0,0.0,0.0,360.0,0,360.0,75.0,0.0,0.0
2024-06-03 10:00:00,75.0,0.0,0.0,361.0,0,361.0,75.0,0.0,0.0
2024-06-04 10:00:00,75.0,0.0,0.0,362.0,0,362.0,75.0,0.0,0.0
2024-06-05 10:00:00,75.0,0.0,0.0,363.0,0,363.0,75.0,0.0,0.0
2024-06-06 10:00:00,75.0,0.0,0.0,364.0,0,364.0,75.0,0.0,0.0
2024-06-07 10:00:00,75.0,0.0,0.0,365.0,1,0.0,75.0,0.0,0.0
2024-06-08 10:00:00,75.0,0.0,0.0,366.0,1,1.0,75.0,0.0,0.0
2024-06-09 10:00:00,75.0,0.0,0.0,367.0,1,2.0,75.0,0.0,0.0
2024-06-10 10:00:00,75.0,0.0,0.0,368.0,1,3.0,75.0,0.0,0.0
2024-06-11 10:00:00,75.0,0.0,0.0,369.0,1,4.0,75.0,0.0,0.0
2024-06-12 10:00:00,75.0,0.0,0.0,370.0,1,5.0,75.0,0.0,0.0
2024-06-13 10:00:00,75.0,0.0,0.0,371.0,1,6.0,75.0,0.0,0.0
2024-06-14 10:00:00,75.0,0.0,0.0,372.0,1,7.0,75.0,0.0,0.0
2024-06-15 10:00:00,75.0,0.0,0.0,373.0,1,8.0,75.0,0.0,0.0
2024-06-16 10:00:00,75.0,0.0,0.0,374.0,1,9.0,75.0,0.0,0.0
2024-06-17 10:00:00,75.0,0.0,0.0,375.0,1,10.0,75.0,0.0,0.0
2024-06-18 10:00:00,75.0,0.0,0.0,376.0,1,11.0,75.0,0.0,0.0
2024-06-19 10:00:00,75.0,0.0,0.0,377.0,1,12.0,75.0,0.0,0.0
2024-06-20 10:00:00,75.0,0.0,0.0,378.0,1,13.0,75.0,0.0,0.0
2024-06-21 10:00:00,75.0,0.0,0.0,379.0,1,14.0,75.0,0.0,0.0
2024-06-22 10:00:00,75.0,0.0,0.0,380.0,1,15.0,75.0,0.0,0.0
2024-06-23 10:00:00,75.0,0.0,0.0,381.0,1,16.0,75.0,0.0,0.0
2024-06-24 10:00:00,75.0,0.0,0.0,382.0,1,17.0,75.0,0.0,0.0
2024-06-25 10:00:00,75.0,0.0,0.0,383.0,1,18.0,75.0,0.0,0.0
2024-06-26 10:00:00,75.0,0.0,0.0,384.0,1,19.0,75.0,0.0,0.0
2024-06-27 10:00:00,75.0,0.0,0.0,385.0,1,20.0,75.0,0.0,0.0
2024-06-28 10:00:00,75.0,0.0,0.0,386.0,1,21.0,75.0,0.0,0.0
2024-06-29 10:00:00,75.0,0.0,0.0,387.0,1,22.0,75.0,0.0,0.0
2024-06-30 10:00:00,75.0,0.0,0.0,388.0,1,23.0,75.0,0.0,0.0
2024-07-01 10:00:00,75.0,0.0,0.0,389.0,1,24.0,75.0,0.0,0.0
2024-07-02 10:00:00,75.0,0.0,0.0,390.0,1,25.0,75.0,0.0,0.0
2024-07-03 10:00:00,75.0,0.0,0.0,391.0,1,26.0,75.0,0.0,0.0
2024-07-04 10:00:00,75.0,0.0,0.0,392.0,1,27.0,75.0,0.0,0.0
2024-07-05 10:00:00,75.0,0.0,0.0,393.0,1,28.0,75.0,0.0,0.0
2024-07-06 10:00:00,75.0,0.0,0.0,394.0,1,29.0,75.0,0.0,0.0
2024-07-07 10:00:00,75.0,0.0,0.0,395.0,1,30.0,75.0,0.0,0.0
2024-07-08 10:00:00,75.0,0.0,0.0,396.0,1,31.0,75.0,0.0,0.0
2024-07-09 10:00:00,75.0,0.0,0.0,397.0,1,32.0,75.0,0.0,0.0
2024-07-10 10:00:00,75.0,0.0,0.0,398.0,1,33.0,75.0,0.0,0.0
2024-07-11 10:00:00,75.0,0.0,0.0,399.0,1,34.0,75.0,0.0,0.0
2024-07-12 10:00:00,75.0,0.0,0.0,400.0,1,35.0,75.0,0.0,0.0
2024-07-13 10:00:00,,,,401.0,1,36.0,75.0,0.0,0.0
2024-07-14 10:00:00,,,,402.0,1,37.0,,,
2024-07-15 10:00:00,,,,403.0,1,38.0,,,
2024-07-16 10:00:00,,,,404.0,1,39.0,,,
2024-07-17 10:00:00,,,,405.0,1,40.0,,,
2024-07-18 10:00:00,,,,406.0,1,41.0,,,
2024-07-19 10:00:00,,,,407.0,1,42.0,,,
2024-07-20 10:00:00,,,,408.0,1,43.0,,,
2024-07-21 10:00:00,,,,409.0,1,44.0,,,
2024-07-22 10:00:00,,,,410.0,1,45.0,,,
2024-07-23 10:00:00,,,,411.0,1,46.0,,,
2024-07-24 10:00:00,,,,412.0,1,47.0,,,
2024-07-25 10:00:00,,,,413.0,1,48.0,,,
2024-07-26 10:00:00,,,,414.0,1,49.0,,,
2024-07-27 10:00:00,,,,415.0,1,50.0,,,
2024-07-28 10:00:00,,,,416.0,1,51.0,,,
2024-07-29 10:00:00,,,,417.0,1,52.0,,,
2024-07-30 10:00:00,,,,418.0,1,53.0,,,
2024-07-31 10:00:00,,,,419.0,1,54.0,,,
2024-08-01 10:00:00,,,,420.0,1,55.0,,,
2024-08-02 10:00:00,,,,421.0,1,56.0,,,
2024-08-03 10:00:00,,,,422.0,1,57.0,,,
2024-08-04 10:00:00,,,,423.0,1,58.0,,,
2024-08-05 10:00:00,,,,424.0,1,59.0,,,
2024-08-06 10:00:00,,,,425.0,1,60.0,,,
2024-08-07 10:00:00,,,,426.0,1,61.0,,,
2024-08-08 10:00:00,,,,427.0,1,62.0,,,
2024-08-09 10:00:00,,,,428.0,1,63.0,,,
2024-08-10 10:00:00,,,,429.0,1,64.0,,,
2024-08-11 10:00:00,,,,430.0,1,65.0,,,
2024-08-12 10:00:00,,,,431.0,1,66.0,,,
2024-08-13 10:00:00,,,,432.0,1,67.0,,,
2024-08-14 10:00:00,,,,433.0,1,68.0,,,
2024-08-15 10:00:00,,,,434.0,1,69.0,,,
2024-08-16 10:00:00,,,,435.0,1,70.0,,,
2024-08-17 10:00:00,,,,436.0,1,71.0,,,
2024-08-18 10:00:00,,,,437.0,1,72.0,,,
2024-08-19 10:00:00,,,,438.0,1,73.0,,,
2024-08-20 10:00:00,,,,439.0,1,74.0,,,
2024-08-21 10:00:00,,,,440.0,1,75.0,,,
2024-08-22 10:00:00,,,,441.0,1,76.0,,,
2024-08-23 10:00:00,,,,442.0,1,77.0,,,
2024-08-24 10:00:00,,,,443.0,1,78.0,,,
2024-08-25 10:00:00,,,,444.0,1,79.0,,,
2024-08-26 10:00:00,,,,445.0,1,80.0,,,
2024-08-27 10:00:00,,,,446.0,1,81.0,,,
2024-08-28 10:00:00,,,,447.0,1,82.0,,,
2024-08-29 10:00:00,,,,448.0,1,83.0,,,
2024-08-30 10:00:00,,,,449.0,1,84.0,,,
2024-08-31 10:00:00,,,,450.0,1,85.0,,,
2024-09-01 10:00:00,,,,451.0,1,86.0,,,
2024-09-02 10:00:00,,,,452.0,1,87.0,,,
2024-09-03 10:00:00,,,,453.0,1,88.0,,,
2024-09-04 10:00:00,,,,454.0,1,89.0,,,
2024-09-05 10:00:00,,,,455.0,1,90.0,,,
2024-09-06 10:00:00,,,,456.0,1,91.0,,,
2024-09-07 10:00:00,,,,457.0,1,92.0,,,
2024-09-08 10:00:00,,,,458.0,1,93.0,,,
2024-09-09 10:00:00,,,,459.0,1,94.0,,,
2024-09-10 10:00:00,,,,460.0,1,95.0,,,
2024-09-11 10:00:00,,,,461.0,1,96.0,,,
2024-09-12 10:00:00,,,,462.0,1,97.0,,,
2024-09-13 10:00:00,,,,463.0,1,98.0,,,
2024-09-14 10:00:00,,,,464.0,1,99.0,,,
2024-09-15 10:00:00,,,,465.0,1,100.0,,,
2024-09-16 10:00:00,,,,466.0,1,101.0,,,
2024-09-17 10:00:00,,,,467.0,1,102.0,,,
2024-09-18 10:00:00,,,,468.0,1,103.0,,,
2024-09-19 10:00:00,,,,469.0,1,104.0,,,
2024-09-20 10:00:00,,,,470.0,1,105.0,,,
2024-09-21 10:00:00,,,,471.0,1,106.0,,,
2024-09-22 10:00:00,,,,472.0,1,107.0,,,
2024-09-23 10:00:00,,,,473.0,1,108.0,,,
2024-09-24 10:00:00,,,,474.0,1,109.0,,,
2024-09-25 10:00:00,,,,475.0,1,110.0,,,
2024-09-26 10:00:00,,,,476.0,1,111.0,,,
2024-09-27 10:00:00,,,,477.0,1,112.0,,,
2024-09-28 10:00:00,,,,478.0,1,113.0,,,
2024-09-29 10:00:00,,,,479.0,1,114.0,,,
2024-09-30 10:00:00,,,,480.0,1,115.0,,,
2024-10-01 10:00:00,,,,481.0,1,116.0,,,
2024-10-02 10:00:00,,,,482.0,1,117.0,,,
2024-10-03 10:00:00,,,,483.0,1,118.0,,,
2024-10-04 10:00:00,,,,484.0,1,119.0,,,
2024-10-05 10:00:00,,,,485.0,1,120.0,,,
2024-10-06 10:00:00,,,,486.0,1,121.0,,,
2024-10-07 10:00:00,,,,487.0,1,122.0,,,
2024-10-08 10:00:00,,,,488.0,1,123.0,,,
2024-10-09 10:00:00,,,,489.0,1,124.0,,,
2024-10-10 10:00:00,,,,490.0,1,125.0,,,
2024-10-11 10:00:00,,,,491.0,1,126.0,,,
2024-10-12 10:00:00,,,,492.0,1,127.0,,,
2024-10-13 10:00:00,,,,493.0,1,128.0,,,
2024-10-14 10:00:00,,,,494.0,1,129.0,,,
2024-10-15 10:00:00,,,,495.0,1,130.0,,,
2024-10-16 10:00:00,,,,496.0,1,131.0,,,
2024-10-17 10:00:00,,,,497.0,1,132.0,,,
2024-10-18 10:00:00,,,,498.0,1,133.0,,,
2024-10-19 10:00:00,,,,499.0,1,134.0,,,
2024-10-20 10:00:00,,,,500.0,1,135.0,,,
2024-10-21 10:00:00,,,,501.0,1,136.0,,,
2024-10-22 10:00:00,0.0,0.0,0.0,502.0,1,137.0,0.0,0.0,0.0
2024-10-23 10:00:00,25.0,0.0,0.0,503.0,1,138.0,12.5,0.0,0.0
2024-10-24 10:00:00,25.0,0.0,0.0,504.0,1,139.0,25.0,0.0,0.0
2024-10-25 10:00:00,25.0,0.0,0.0,505.0,1,140.0,25.0,0.0,0.0
2024-10-26 10:00:00,50.0,0.0,0.0,506.0,1,141.0,37.5,0.0,0.0
2024-10-27 10:00:00,50.0,0.0,0.0,507.0,1,142.0,50.0,0.0,0.0
2024-10-28 10:00:00,50.0,0.0,0.0,508.0,1,143.0,50.0,0.0,0.0
2024-10-29 10:00:00,66.66666666666667,0.0,0.0,509.0,1,144.0,58.333333333333336,0.0,0.0
2024-10-30 10:00:00,75.0,0.0,0.0,510.0,1,145.0,70.83333333333334,0.0,0.0
2024-10-31 10:00:00,75.0,0.0,0.0,511.0,1,146.0,75.0,0.0,0.0
2024-11-01 10:00:00,75.0,0.0,0.0,512.0,1,147.0,75.0,0.0,0.0
2024-11-02 10:00:00,75.0,0.0,0.0,513.0,1,148.0,75.0,0.0,0.0
2024-11-03 10:00:00,75.0,0.0,0.0,514.0,1,149.0,75.0,0.0,0.0
2024-11-04 10:00:00,75.0,0.0,0.0,515.0,1,150.0,75.0,0.0,0.0
2024-11-05 10:00:00,75.0,0.0,0.0,516.0,1,151.0,75.0,0.0,0.0
2024-11-06 10:00:00,75.0,0.0,0.0,517.0,1,152.0,75.0,0.0,0.0
2024-11-07 10:00:00,75.0,0.0,0.0,518.0,1,153.0,75.0,0.0,0.0
2024-11-08 10:00:00,75.0,100.0,0.0,519.0,1,154.0,75.0,50.0,0.0
2024-11-09 10:00:00,75.0,100.0,0.0,520.0,1,155.0,75.0,100.0,0.0
2024-11-10 10:00:00,75.0,12.5,0.0,521.0,1,156.0,75.0,56.25,0.0
2024-11-11 10:00:00,75.0,0.0,25.0,522.0,1,157.0,75.0,6.25,12.5
2024-11-12 10:00:00,75.0,0.0,25.0,523.0,1,158.0,75.0,0.0,25.0
2024-11-13 10:00:00,75.0,0.0,41.66666666666666,524.0,1,159.0,75.0,0.0,33.33333333333333
2024-11-14 10:00:00,75.0,0.0,50.0,525.0,1,160.0,75.0,0.0,45.83333333333333
2024-11-15 10:00:00,75.0,0.0,0.0,526.0,1,161.0,75.0,0.0,25.0
2024-11-16 10:00:00,75.0,0.0,0.0,527.0,1,162.0,75.0,0.0,0.0
2024-11-17 10:00:00,75.0,16.666666666666668,0.0,528.0,1,163.0,75.0,8.333333333333334,0.0
2024-11-18 10:00:00,75.0,16.666666666666668,0.0,529.0,1,164.0,75.0,16.666666666666668,0.0
2024-11-19 10:00:00,75.0,0.0,0.0,530.0,1,165.0,75.0,8.333333333333334,0.0
2024-11-20 10:00:00,75.0,0.0,0.0,531.0,1,166.0,75.0,0.0,0.0
2024-11-21 10:00:00,75.0,0.0,0.0,532.0,1,167.0,75.0,0.0,0.0
2024-11-22 10:00:00,75.0,0.0,0.0,533.0,1,168.0,75.0,0.0,0.0
2024-11-23 10:00:00,75.0,0.0,0.0,534.0,1,169.0,75.0,0.0,0.0
2024-11-24 10:00:00,75.0,0.0,0.0,535.0,1,170.0,75.0,0.0,0.0
2024-11-25 10:00:00,75.0,0.0,0.0,536.0,1,171.0,75.0,0.0,0.0
2024-11-26 10:00:00,75.0,0.0,0.0,537.0,1,172.0,75.0,0.0,0.0
2024-11-27 10:00:00,75.0,0.0,0.0,538.0,1,173.0,75.0,0.0,0.0
2024-11-28 10:00:00,75.0,0.0,0.0,539.0,1,174.0,75.0,0.0,0.0
2024-11-29 10:00:00,75.0,0.0,0.0,540.0,1,175.0,75.0,0.0,0.0
2024-11-30 10:00:00,75.0,0.0,0.0,541.0,1,176.0,75.0,0.0,0.0
2024-12-01 10:00:00,75.0,0.0,0.0,542.0,1,177.0,75.0,0.0,0.0
2024-12-02 10:00:00,75.0,0.0,0.0,543.0,1,178.0,75.0,0.0,0.0
2024-12-03 10:00:00,75.0,0.0,0.0,544.0,1,179.0,75.0,0.0,0.0
2024-12-04 10:00:00,75.0,0.0,0.0,545.0,1,180.0,75.0,0.0,0.0
2024-12-05 10:00:00,75.0,0.0,0.0,546.0,1,181.0,75.0,0.0,0.0
2024-12-06 10:00:00,75.0,0.0,0.0,547.0,1,182.0,75.0,0.0,0.0
2024-12-07 10:00:00,75.0,0.0,0.0,548.0,1,183.0,75.0,0.0,0.0
2024-12-08 10:00:00,75.0,0.0,0.0,549.0,1,184.0,75.0,0.0,0.0
2024-12-09 10:00:00,75.0,0.0,0.0,550.0,1,185.0,75.0,0.0,0.0
2024-12-10 10:00:00,75.0,0.0,0.0,551.0,1,186.0,75.0,0.0,0.0
2024-12-11 10:00:00,75.0,0.0,0.0,552.0,1,187.0,75.0,0.0,0.0
2024-12-12 10:00:00,75.0,0.0,0.0,553.0,1,188.0,75.0,0.0,0.0
2024-12-13 10:00:00,75.0,0.0,0.0,554.0,1,189.0,75.0,0.0,0.0
2024-12-14 10:00:00,75.0,0.0,0.0,555.0,1,190.0,75.0,0.0,0.0
2024-12-15 10:00:00,75.0,0.0,0.0,556.0,1,191.0,75.0,0.0,0.0
2024-12-16 10:00:00,75.0,0.0,0.0,557.0,1,192.0,75.0,0.0,0.0
2024-12-17 10:00:00,75.0,0.0,0.0,558.0,1,193.0,75.0,0.0,0.0
2024-12-18 10:00:00,75.0,0.0,0.0,559.0,1,194.0,75.0,0.0,0.0
2024-12-19 10:00:00,75.0,0.0,0.0,560.0,1,195.0,75.0,0.0,0.0
2024-12-20 10:00:00,75.0,0.0,0.0,561.0,1,196.0,75.0,0.0,0.0
2024-12-21 10:00:00,75.0,0.0,0.0,562.0,1,197.0,75.0,0.0,0.0
2024-12-22 10:00:00,75.0,0.0,0.0,563.0,1,198.0,75.0,0.0,0.0
2024-12-23 10:00:00,75.0,0.0,0.0,564.0,1,199.0,75.0,0.0,0.0
2024-12-24 10:00:00,75.0,0.0,0.0,565.0,1,200.0,75.0,0.0,0.0
2024-12-25 10:00:00,75.0,0.0,0.0,566.0,1,201.0,75.0,0.0,0.0
2024-12-26 10:00:00,75.0,0.0,0.0,567.0,1,202.0,75.0,0.0,0.0
2024-12-27 10:00:00,75.0,0.0,0.0,568.0,1,203.0,75.0,0.0,0.0
2024-12-28 10:00:00,75.0,0.0,0.0,569.0,1,204.0,75.0,0.0,0.0
2024-12-29 10:00:00,75.0,0.0,0.0,570.0,1,205.0,75.0,0.0,0.0
2024-12-30 10:00:00,75.0,0.0,0.0,571.0,1,206.0,75.0,0.0,0.0
2024-12-31 10:00:00,75.0,0.0,0.0,572.0,1,207.0,75.0,0.0,0.0
2025-01-01 10:00:00,75.0,0.0,0.0,573.0,1,208.0,75.0,0.0,0.0
2025-01-02 10:00:00,75.0,0.0,0.0,574.0,1,209.0,75.0,0.0,0.0
2025-01-03 10:00:00,75.0,0.0,0.0,575.0,1,210.0,75.0,0.0,0.0
2025-01-04 10:00:00,75.0,0.0,0.0,576.0,1,211.0,75.0,0.0,0.0
2025-01-05 10:00:00,75.0,0.0,0.0,577.0,1,212.0,75.0,0.0,0.0
2025-01-06 10:00:00,75.0,0.0,0.0,578.0,1,213.0,75.0,0.0,0.0
2025-01-07 10:00:00,75.0,0.0,0.0,579.0,1,214.0,75.0,0.0,0.0
2025-01-08 10:00:00,75.0,0.0,0.0,580.0,1,215.0,75.0,0.0,0.0
2025-01-09 10:00:00,75.0,0.0,0.0,581.0,1,216.0,75.0,0.0,0.0
2025-01-10 10:00:00,75.0,0.0,0.0,582.0,1,217.0,75.0,0.0,0.0
2025-01-11 10:00:00,75.0,0.0,0.0,583.0,1,218.0,75.0,0.0,0.0
2025-01-12 10:00:00,75.0,0.0,0.0,584.0,1,219.0,75.0,0.0,0.0
2025-01-13 10:00:00,75.0,0.0,0.0,585.0,1,220.0,75.0,0.0,0.0
2025-01-14 10:00:00,75.0,0.0,0.0,586.0,1,221.0,75.0,0.0,0.0
2025-01-15 10:00:00,75.0,0.0,0.0,587.0,1,222.0,75.0,0.0,0.0
2025-01-16 10:00:00,75.0,0.0,0.0,588.0,1,223.0,75.0,0.0,0.0
2025-01-17 10:00:00,75.0,0.0,0.0,589.0,1,224.0,75.0,0.0,0.0
2025-01-18 10:00:00,75.0,0.0,0.0,590.0,1,225.0,75.0,0.0,0.0
2025-01-19 10:00:00,75.0,0.0,0.0,591.0,1,226.0,75.0,0.0,0.0
2025-01-20 10:00:00,75.0,0.0,0.0,592.0,1,227.0,75.0,0.0,0.0
2025-01-21 10:00:00,75.0,0.0,0.0,593.0,1,228.0,75.0,0.0,0.0
2025-01-22 10:00:00,75.0,0.0,0.0,594.0,1,229.0,75.0,0.0,0.0
2025-01-23 10:00:00,75.0,0.0,0.0,595.0,1,230.0,75.0,0.0,0.0
2025-01-24 10:00:00,75.0,0.0,0.0,596.0,1,231.0,75.0,0.0,0.0
2025-01-25 10:00:00,75.0,0.0,0.0,597.0,1,232.0,75.0,0.0,0.0
2025-01-26 10:00:00,75.0,0.0,0.0,598.0,1,233.0,75.0,0.0,0.0
2025-01-27 10:00:00,75.0,0.0,0.0,599.0,1,234.0,75.0,0.0,0.0
2025-01-28 10:00:00,75.0,0.0,0.0,600.0,1,235.0,75.0,0.0,0.0
2025-01-29 10:00:00,75.0,0.0,0.0,601.0,1,236.0,75.0,0.0,0.0
2025-01-30 10:00:00,75.0,0.0,0.0,602.0,1,237.0,75.0,0.0,0.0
